episode;win;failReason;episodeDuration;timeToKillAllDragons;timeToGrabKey;timeFromKeyGrabToEscape;
1;1;null;15.740;6.200;4.860;4.680
2;1;null;12.000;8.060;2.960;0.980
3;1;null;16.480;6.880;2.440;7.160
4;1;null;20.400;5.280;0.860;14.260
5;1;null;21.760;3.120;4.540;14.100
6;1;null;22.740;4.940;4.920;12.880
7;1;null;11.180;4.060;4.100;3.020
8;1;null;11.600;3.260;1.620;6.720
9;1;null;17.260;3.900;5.400;7.960
10;1;null;20.380;8.840;9.720;1.820
11;1;null;6.100;2.540;2.180;1.380
12;1;null;14.080;3.200;2.980;7.900
13;1;null;13.020;4.380;3.020;5.620
14;1;null;8.680;4.520;0.600;3.560
15;1;null;10.940;6.600;1.320;3.020
16;1;null;18.260;2.700;15.200;0.360
17;1;null;13.180;3.620;6.360;3.200
18;1;null;17.180;5.900;7.160;4.120
19;0;Timer;34.701;4.700;30.001;0.000
20;1;null;11.920;5.700;2.020;4.200
21;1;null;18.600;5.760;3.320;9.520
22;1;null;27.140;4.220;18.220;4.700
23;1;null;17.980;5.240;8.840;3.900
24;1;null;18.040;8.800;2.820;6.420
25;1;null;21.880;5.820;4.920;11.140
26;1;null;13.620;2.160;5.300;6.160
27;1;null;18.400;4.960;8.500;4.940
28;1;null;14.580;4.940;7.060;2.580
29;1;null;13.960;3.740;8.780;1.440
30;1;null;19.360;9.100;5.220;5.040
31;1;null;15.520;4.680;5.660;5.180
32;1;null;11.660;2.680;5.220;3.760
33;1;null;12.420;6.120;2.800;3.500
34;0;DragonEscaped;9.560;9.560;0.000;0.000
35;1;null;21.800;4.620;10.800;6.380
36;1;null;13.760;2.880;5.820;5.060
37;1;null;10.780;3.840;2.840;4.100
38;1;null;13.860;4.600;3.800;5.460
39;1;null;8.000;3.300;3.340;1.360
40;1;null;11.300;3.800;6.340;1.160
41;1;null;21.280;3.160;11.940;6.180
42;1;null;8.960;4.500;2.900;1.560
43;1;null;15.360;5.400;1.600;8.360
44;1;null;10.640;5.520;3.580;1.540
45;0;DragonEscaped;11.320;11.320;0.000;0.000
46;1;null;29.020;6.440;4.880;17.700
47;1;null;8.980;4.520;3.220;1.240
48;1;null;7.920;1.640;3.260;3.020
49;1;null;5.000;3.140;0.600;1.260
50;1;null;10.260;2.960;2.260;5.040
51;1;null;11.860;4.560;2.880;4.420
52;1;null;9.820;5.060;2.100;2.660
53;1;null;12.020;5.600;3.000;3.420
54;1;null;4.360;2.680;0.540;1.140
55;1;null;10.920;3.820;3.760;3.340
56;1;null;10.420;5.200;1.020;4.200
57;1;null;9.000;6.160;1.340;1.500
58;1;null;22.580;5.240;7.600;9.740
59;1;null;13.380;5.120;4.020;4.240
60;1;null;11.140;4.020;1.640;5.480
61;1;null;4.760;2.980;0.880;0.900
62;1;null;13.740;4.780;3.480;5.480
63;1;null;11.140;6.040;1.680;3.420
64;1;null;17.680;3.720;8.560;5.400
65;1;null;7.680;3.800;2.360;1.520
66;1;null;6.580;3.460;0.880;2.240
67;1;null;12.940;4.420;3.040;5.480
68;1;null;21.380;2.880;7.780;10.720
69;1;null;6.560;3.860;2.060;0.640
70;1;null;15.920;6.700;6.880;2.340
71;0;Timer;34.241;4.200;0.900;29.140
72;1;null;11.260;5.260;3.580;2.420
73;1;null;11.440;7.560;2.100;1.780
74;1;null;10.260;2.100;3.840;4.320
75;1;null;6.120;4.160;0.920;1.040
76;1;null;10.540;3.300;4.120;3.120
77;1;null;10.620;2.040;7.380;1.200
78;1;null;14.560;5.580;3.920;5.060
79;1;null;13.600;3.480;0.860;9.260
80;1;null;11.940;3.720;2.060;6.160
81;1;null;13.080;4.980;1.420;6.680
82;1;null;7.920;3.320;1.760;2.840
83;1;null;13.900;4.620;8.160;1.120
84;1;null;10.620;4.060;5.980;0.580
85;1;null;13.160;4.360;2.500;6.300
86;1;null;10.160;5.400;1.280;3.480
87;1;null;8.960;2.860;2.240;3.860
88;1;null;15.880;3.620;2.280;9.980
89;1;null;27.740;8.640;8.960;10.140
90;1;null;15.780;4.820;3.040;7.920
91;1;null;10.280;3.900;3.440;2.940
92;1;null;7.220;2.520;1.900;2.800
93;1;null;19.460;6.940;2.960;9.560
94;1;null;10.760;2.920;4.020;3.820
95;1;null;7.880;2.720;1.960;3.200
96;1;null;10.580;3.640;2.620;4.320
97;1;null;21.040;4.920;9.180;6.940
98;1;null;13.240;3.360;8.420;1.460
99;1;null;18.140;2.680;9.460;6.000
100;1;null;13.180;3.020;6.880;3.280
101;1;null;22.140;1.420;3.940;16.780
102;0;DragonEscaped;9.900;9.900;0.000;0.000
103;1;null;8.660;6.400;1.220;1.040
104;1;null;11.300;2.240;7.660;1.400
105;1;null;9.780;3.720;2.760;3.300
106;1;null;5.320;3.520;1.240;0.560
107;1;null;17.680;11.880;2.120;3.680
108;1;null;11.980;3.200;4.900;3.880
109;1;null;10.040;4.620;1.880;3.540
110;1;null;20.240;9.080;8.620;2.540
111;1;null;19.020;8.520;4.700;5.800
112;1;null;23.840;3.120;13.000;7.720
113;1;null;8.620;4.220;1.480;2.920
114;1;null;15.160;3.280;7.800;4.080
115;1;null;21.300;8.100;8.400;4.800
116;1;null;18.740;5.360;8.360;5.020
117;1;null;12.680;2.660;0.720;9.300
118;1;null;11.320;4.560;3.360;3.400
119;1;null;19.560;3.240;12.700;3.620
120;1;null;16.900;4.440;3.460;9.000
121;1;null;12.900;8.520;0.920;3.460
122;1;null;11.640;2.800;3.640;5.200
123;1;null;34.521;6.020;7.240;21.260
124;1;null;15.680;3.160;5.500;7.020
125;1;null;12.180;2.380;5.820;3.980
126;1;null;19.660;6.280;8.220;5.160
127;1;null;13.880;2.360;9.720;1.800
128;1;null;10.920;4.100;0.820;6.000
129;1;null;19.720;8.640;5.040;6.040
130;1;null;14.380;1.760;6.920;5.700
131;1;null;12.520;4.420;5.120;2.980
132;1;null;15.300;3.860;4.480;6.960
133;1;null;12.200;2.540;4.420;5.240
134;0;Timer;35.721;5.660;2.280;27.780
135;1;null;10.100;3.440;0.700;5.960
136;1;null;17.700;7.820;2.440;7.440
137;1;null;19.060;4.440;7.200;7.420
138;1;null;6.460;2.860;2.580;1.020
139;1;null;17.280;7.120;3.120;7.040
140;1;null;26.500;3.220;17.600;5.680
141;1;null;31.921;3.260;8.280;20.380
142;1;null;18.000;7.540;6.700;3.760
143;1;null;11.960;7.440;1.280;3.240
144;1;null;23.900;6.160;10.220;7.520
145;1;null;13.820;3.820;6.160;3.840
146;1;null;32.941;3.960;20.080;8.900
147;1;null;10.960;3.700;1.080;6.180
148;1;null;10.540;4.100;1.680;4.760
149;1;null;22.700;9.900;6.740;6.060
150;1;null;11.940;2.620;6.620;2.700
151;1;null;23.500;7.280;13.300;2.920
152;1;null;4.580;2.240;0.820;1.520
153;1;null;11.020;3.380;1.560;6.080
154;1;null;4.640;1.300;2.280;1.060
155;1;null;10.500;4.440;0.980;5.080
156;1;null;12.180;5.120;5.100;1.960
157;1;null;23.240;2.000;20.000;1.240
158;1;null;12.640;3.380;4.500;4.760
159;1;null;13.840;5.760;3.660;4.420
160;1;null;14.200;7.120;2.420;4.660
161;1;null;7.440;3.780;2.340;1.320
162;1;null;13.320;2.700;8.220;2.400
163;1;null;19.340;3.480;3.400;12.460
164;1;null;16.520;3.520;9.040;3.960
165;1;null;11.620;3.780;4.420;3.420
166;1;null;12.160;3.380;1.160;7.620
167;1;null;19.120;6.300;5.040;7.780
168;1;null;27.080;8.720;7.860;10.500
169;0;DragonEscaped;9.420;9.420;0.000;0.000
170;1;null;13.520;6.820;3.500;3.200
171;1;null;15.060;5.720;6.400;2.940
172;1;null;8.700;1.380;3.580;3.740
173;1;null;10.520;4.140;1.240;5.140
174;1;null;19.500;9.460;8.320;1.720
175;1;null;16.640;3.300;3.460;9.880
176;1;null;11.680;4.200;1.400;6.080
177;1;null;6.740;3.580;2.720;0.440
178;1;null;18.380;5.660;4.060;8.660
179;1;null;11.220;6.080;2.280;2.860
180;1;null;10.860;4.620;0.920;5.320
181;1;null;13.280;4.120;2.880;6.280
182;1;null;15.740;4.700;3.800;7.240
183;1;null;11.220;4.520;1.800;4.900
184;1;null;8.160;5.840;1.240;1.080
185;1;null;7.060;2.400;2.780;1.880
186;1;null;13.200;1.960;8.140;3.100
187;1;null;16.740;6.040;3.820;6.880
188;1;null;18.460;3.160;0.900;14.400
189;1;null;29.540;5.040;20.620;3.880
190;1;null;15.200;8.620;2.460;4.120
191;1;null;27.600;8.260;2.560;16.780
192;1;null;6.400;1.640;1.520;3.240
193;1;null;8.020;5.140;0.400;2.480
194;1;null;17.100;3.420;7.220;6.460
195;1;null;20.100;4.160;8.260;7.680
196;1;null;20.320;9.220;3.920;7.180
197;0;DragonEscaped;10.300;10.300;0.000;0.000
198;1;null;9.880;4.360;1.960;3.560
199;1;null;20.580;2.980;3.240;14.360
200;1;null;12.940;3.800;0.960;8.180
201;1;null;16.040;6.200;4.500;5.340
202;1;null;14.040;3.580;5.540;4.920
203;1;null;8.440;4.000;1.020;3.420
204;1;null;19.160;6.020;1.340;11.800
205;1;null;18.140;6.800;5.340;6.000
206;0;DragonEscaped;11.500;11.500;0.000;0.000
207;1;null;18.880;5.940;3.140;9.800
208;1;null;7.920;2.860;1.040;4.020
209;1;null;10.680;3.040;4.240;3.400
210;0;Timer;34.321;4.320;2.400;27.600
211;1;null;9.360;5.760;1.140;2.460
212;1;null;8.700;3.320;2.780;2.600
213;1;null;10.380;3.420;1.020;5.940
214;1;null;13.940;2.180;5.440;6.320
215;1;null;22.660;4.960;7.060;10.640
216;1;null;6.320;2.780;2.100;1.440
217;1;null;15.380;9.600;4.140;1.640
218;1;null;14.220;8.780;3.840;1.600
219;1;null;22.660;2.560;14.580;5.520
220;1;null;7.720;1.500;3.500;2.720
221;1;null;6.120;2.000;2.540;1.580
222;1;null;8.740;4.440;2.120;2.180
223;1;null;14.780;5.080;2.320;7.380
224;1;null;10.700;4.700;2.800;3.200
225;1;null;10.120;1.280;4.180;4.660
226;1;null;12.720;2.400;3.020;7.300
227;1;null;15.460;2.480;3.840;9.140
228;1;null;16.220;5.000;6.880;4.340
229;1;null;22.460;3.840;13.900;4.720
230;1;null;15.060;4.660;7.040;3.360
231;1;null;13.700;2.820;7.720;3.160
232;1;null;14.380;2.900;4.340;7.140
233;1;null;13.580;6.300;1.500;5.780
234;1;null;14.040;4.740;5.180;4.120
235;1;null;15.900;2.860;1.080;11.960
236;1;null;26.240;2.920;16.060;7.260
237;1;null;11.580;4.880;2.640;4.060
238;1;null;17.060;2.440;10.320;4.300
239;1;null;11.700;6.140;4.760;0.800
240;1;null;11.840;7.740;1.180;2.920
241;1;null;14.160;6.780;3.180;4.200
242;1;null;19.520;6.680;7.260;5.580
243;1;null;16.700;8.100;1.340;7.260
244;1;null;20.120;1.900;4.020;14.200
245;1;null;22.180;2.560;9.200;10.420
246;1;null;25.940;6.460;1.600;17.880
247;1;null;8.680;6.180;0.980;1.520
248;1;null;18.700;3.840;2.200;12.660
249;1;null;8.500;3.860;0.760;3.880
250;1;null;19.140;5.260;2.320;11.560
251;1;null;16.220;5.680;4.440;6.100
252;1;null;17.840;4.460;2.060;11.320
253;1;null;5.360;1.960;0.920;2.480
254;1;null;20.640;3.940;11.960;4.740
255;1;null;17.280;4.660;8.180;4.440
256;1;null;28.660;3.960;21.060;3.640
257;1;null;26.700;6.760;15.780;4.160
258;1;null;24.480;4.080;17.100;3.300
259;1;null;13.760;3.960;2.520;7.280
260;1;null;8.800;6.480;1.860;0.460
261;1;null;8.000;3.740;3.580;0.680
262;1;null;18.500;3.180;6.640;8.680
263;1;null;19.000;8.720;8.520;1.760
264;1;null;12.400;3.800;3.440;5.160
265;1;null;9.020;3.020;2.240;3.760
266;1;null;16.960;7.940;0.560;8.460
267;0;Timer;33.481;3.460;1.620;28.400
268;1;null;13.320;3.360;2.380;7.580
269;1;null;13.480;4.960;4.160;4.360
270;1;null;10.740;2.320;2.880;5.540
271;1;null;17.660;5.600;4.660;7.400
272;1;null;10.440;3.960;1.840;4.640
273;1;null;17.320;8.900;4.380;4.040
274;1;null;8.880;3.420;0.600;4.860
275;0;Timer;34.501;4.340;11.600;18.560
276;1;null;18.560;6.300;6.860;5.400
277;0;DragonEscaped;9.940;9.940;0.000;0.000
278;1;null;8.120;2.760;1.540;3.820
279;1;null;12.480;1.780;8.280;2.420
280;1;null;10.960;3.660;0.800;6.500
281;1;null;10.520;3.080;6.340;1.100
282;1;null;8.340;2.040;4.120;2.180
283;1;null;13.400;4.320;7.860;1.220
284;1;null;15.860;9.720;1.640;4.500
285;1;null;13.380;6.340;1.460;5.580
286;1;null;19.640;8.360;5.200;6.080
287;1;null;12.560;3.460;7.460;1.640
288;1;null;8.920;3.500;0.500;4.920
289;1;null;19.500;7.040;5.580;6.880
290;1;null;14.340;9.600;1.220;3.520
291;1;null;16.160;7.560;2.600;6.000
292;1;null;11.640;4.760;2.340;4.540
293;1;null;10.660;4.880;1.020;4.760
294;1;null;8.560;2.040;2.440;4.080
295;1;null;28.080;2.340;2.480;23.260
296;1;null;11.100;4.020;2.600;4.480
297;1;null;16.080;7.080;2.380;6.620
298;1;null;22.480;3.080;15.720;3.680
299;1;null;14.640;4.080;5.700;4.860
300;1;null;14.500;3.800;3.980;6.720
301;1;null;10.780;3.960;2.600;4.220
302;1;null;15.320;6.520;3.900;4.900
303;1;null;34.361;6.200;22.920;5.240
304;1;null;26.520;4.680;2.020;19.820
305;1;null;8.560;3.340;1.300;3.920
306;1;null;19.580;6.460;4.000;9.120
307;1;null;9.680;1.920;1.600;6.160
308;1;null;20.320;2.300;6.640;11.380
309;1;null;16.960;2.700;11.220;3.040
310;1;null;6.920;2.420;1.840;2.660
311;1;null;10.260;4.860;5.040;0.360
312;1;null;8.980;3.840;2.000;3.140
313;1;null;14.960;2.520;3.920;8.520
314;1;null;11.620;8.100;0.780;2.740
315;1;null;11.320;2.860;4.600;3.860
316;1;null;14.520;3.040;7.640;3.840
317;1;null;18.180;2.780;10.640;4.760
318;1;null;16.260;3.700;11.040;1.520
319;1;null;30.061;4.560;18.540;6.960
320;1;null;11.300;4.440;1.200;5.660
321;1;null;14.240;2.900;6.880;4.460
322;0;Timer;33.361;3.260;1.740;28.360
323;1;null;9.400;2.300;5.580;1.520
324;1;null;22.080;7.120;11.420;3.540
325;1;null;6.960;2.860;0.820;3.280
326;1;null;4.280;1.940;1.860;0.480
327;1;null;22.560;4.360;5.200;13.000
328;1;null;12.960;3.420;4.800;4.740
329;1;null;27.300;3.960;17.160;6.180
330;1;null;10.400;5.780;1.700;2.920
331;0;DragonEscaped;11.160;11.160;0.000;0.000
332;0;Timer;31.901;1.880;2.340;27.680
333;1;null;8.040;2.880;3.340;1.820
334;1;null;10.020;3.220;3.740;3.060
335;1;null;9.860;6.700;1.400;1.760
336;0;DragonEscaped;8.760;8.760;0.000;0.000
337;1;null;12.820;5.100;1.360;6.360
338;1;null;11.380;2.660;4.240;4.480
339;1;null;11.700;6.400;1.820;3.480
340;1;null;7.860;4.060;1.360;2.440
341;1;null;13.280;3.700;3.860;5.720
342;1;null;8.960;3.460;1.200;4.300
343;1;null;9.620;2.680;1.620;5.320
344;0;DragonEscaped;9.780;9.780;0.000;0.000
345;1;null;7.700;3.260;0.460;3.980
346;1;null;16.560;3.060;10.560;2.940
347;1;null;15.220;8.020;2.120;5.080
348;1;null;13.140;7.440;4.800;0.900
349;1;null;10.480;3.920;2.820;3.740
350;1;null;12.880;4.460;2.620;5.800
351;1;null;14.780;2.480;8.060;4.240
352;1;null;14.100;6.740;4.620;2.740
353;1;null;15.820;4.060;4.780;6.980
354;1;null;12.380;3.460;4.160;4.760
355;1;null;27.680;6.960;17.100;3.620
356;1;null;14.400;5.260;5.800;3.340
357;1;null;8.840;3.860;2.980;2.000
358;1;null;20.600;8.020;5.680;6.900
359;1;null;21.960;4.120;7.040;10.800
360;1;null;7.180;4.320;0.780;2.080
361;1;null;5.720;3.800;0.800;1.120
362;1;null;11.440;5.260;2.500;3.680
363;1;null;13.360;7.620;2.760;2.980
364;1;null;10.660;6.680;1.900;2.080
365;1;null;19.420;4.920;11.400;3.100
366;1;null;11.800;4.640;2.340;4.820
367;1;null;13.380;4.800;2.180;6.400
368;1;null;15.820;2.660;9.460;3.700
369;1;null;14.920;5.120;6.560;3.240
370;1;null;11.100;6.080;1.120;3.900
371;1;null;16.780;5.040;7.180;4.560
372;1;null;9.220;3.200;3.080;2.940
373;1;null;11.540;2.820;3.920;4.800
374;1;null;8.640;5.060;2.200;1.380
375;1;null;18.540;3.360;13.240;1.940
376;0;Timer;32.461;2.120;5.420;24.920
377;1;null;23.340;3.200;10.900;9.240
378;1;null;8.380;4.980;0.640;2.760
379;1;null;17.920;4.060;9.540;4.320
380;0;Timer;33.981;3.980;13.540;16.460
381;1;null;15.220;1.920;2.680;10.620
382;1;null;37.301;8.280;16.000;13.020
383;1;null;7.680;2.100;1.180;4.400
384;1;null;11.400;3.040;4.180;4.180
385;1;null;14.060;4.220;6.040;3.800
386;1;null;28.380;7.840;19.340;1.200
387;1;null;20.900;5.120;7.480;8.300
388;1;null;13.620;4.300;4.640;4.680
389;1;null;13.800;4.360;4.440;5.000
390;1;null;12.860;1.560;6.180;5.120
391;0;Timer;35.241;5.180;14.840;15.220
392;1;null;26.600;5.000;8.100;13.500
393;1;null;21.720;5.260;2.960;13.500
394;1;null;16.360;5.140;7.780;3.440
395;1;null;10.800;6.820;3.460;0.520
396;1;null;10.820;1.900;2.820;6.100
397;1;null;9.280;5.560;0.720;3.000
398;1;null;10.420;2.360;2.520;5.540
399;1;null;8.240;4.520;1.260;2.460
400;1;null;8.080;4.040;3.700;0.340
401;1;null;10.000;1.680;2.640;5.680
402;1;null;14.260;4.400;8.460;1.400
403;1;null;16.320;1.860;2.200;12.260
404;1;null;13.400;7.260;5.280;0.860
405;1;null;16.480;4.120;1.400;10.960
406;1;null;23.440;8.840;6.420;8.180
407;1;null;10.560;4.440;3.460;2.660
408;1;null;14.260;4.440;4.640;5.180
409;1;null;21.820;8.960;2.540;10.320
410;1;null;6.120;4.760;0.300;1.060
411;1;null;13.860;5.560;3.540;4.760
412;1;null;10.840;2.900;2.400;5.540
413;1;null;18.700;6.020;1.600;11.080
414;1;null;8.920;3.020;1.180;4.720
415;1;null;8.700;4.640;2.020;2.040
416;0;Timer;34.401;4.380;30.021;0.000
417;1;null;5.840;2.880;2.600;0.360
418;1;null;7.240;2.620;1.780;2.840
419;1;null;11.900;2.720;5.280;3.900
420;1;null;22.880;4.640;14.920;3.320
421;1;null;31.241;8.780;16.260;6.200
422;1;null;18.320;4.860;7.020;6.440
423;1;null;21.680;2.960;12.940;5.780
424;1;null;14.360;4.060;5.560;4.740
425;1;null;9.080;2.700;0.760;5.620
426;1;null;6.580;4.200;1.600;0.780
427;1;null;16.280;5.060;4.240;6.980
428;0;Timer;35.801;5.780;17.740;12.280
429;1;null;19.340;8.460;6.860;4.020
430;1;null;16.000;4.560;3.420;8.020
431;1;null;15.280;7.380;4.520;3.380
432;1;null;12.860;5.360;4.680;2.820
433;1;null;23.620;6.780;12.860;3.980
434;1;null;11.320;4.280;2.460;4.580
435;1;null;6.420;3.760;0.620;2.040
436;1;null;10.340;3.000;2.240;5.100
437;1;null;19.660;5.560;6.820;7.280
438;1;null;18.780;6.000;6.980;5.800
439;0;Timer;34.461;4.460;7.900;22.100
440;1;null;17.020;1.740;11.840;3.440
441;1;null;12.060;5.980;2.120;3.960
442;1;null;18.120;4.260;1.920;11.940
443;1;null;9.800;3.800;3.160;2.840
444;1;null;10.320;5.500;0.760;4.060
445;1;null;7.460;5.480;1.240;0.740
446;1;null;10.700;3.500;2.780;4.420
447;1;null;20.500;2.920;7.320;10.260
448;1;null;12.220;4.640;0.460;7.120
449;1;null;26.040;4.400;16.340;5.300
450;1;null;27.920;4.420;19.240;4.260
451;1;null;20.960;2.420;9.520;9.020
452;1;null;11.020;2.760;6.220;2.040
453;1;null;17.480;0.580;11.260;5.640
454;0;Timer;35.721;5.700;30.021;0.000
455;1;null;14.380;9.140;1.700;3.540
456;1;null;10.680;3.040;1.840;5.800
457;1;null;7.900;3.760;1.220;2.920
458;1;null;16.300;5.900;2.540;7.860
459;1;null;12.740;4.260;3.060;5.420
460;1;null;16.580;5.040;8.320;3.220
461;1;null;12.960;4.080;2.180;6.700
462;1;null;15.680;3.700;1.520;10.460
463;1;null;6.680;3.300;1.680;1.700
464;1;null;11.840;3.960;4.100;3.780
465;1;null;18.340;4.300;5.580;8.460
466;1;null;10.440;2.700;3.020;4.720
467;1;null;12.180;4.800;1.160;6.220
468;1;null;9.600;2.140;2.900;4.560
469;1;null;11.660;2.980;3.940;4.740
470;1;null;10.520;4.960;1.920;3.640
471;1;null;31.941;2.960;23.320;5.660
472;1;null;14.920;7.320;6.120;1.480
473;1;null;5.520;2.640;1.820;1.060
474;1;null;8.180;5.360;1.760;1.060
475;1;null;12.220;2.320;4.460;5.440
476;1;null;12.640;3.020;0.620;9.000
477;1;null;16.520;2.020;2.120;12.380
478;1;null;12.260;5.720;0.780;5.760
479;1;null;11.940;2.720;0.800;8.420
480;1;null;12.800;6.020;2.840;3.940
481;1;null;14.320;2.440;2.280;9.600
482;1;null;15.640;5.640;2.760;7.240
483;0;Timer;38.281;8.240;30.041;0.000
484;1;null;14.880;8.640;2.860;3.380
485;1;null;14.180;2.500;0.920;10.760
486;0;Timer;34.381;4.360;30.021;0.000
487;1;null;15.900;2.820;2.880;10.200
488;1;null;10.920;2.120;3.080;5.720
489;1;null;11.840;4.240;0.980;6.620
490;1;null;4.380;3.100;0.880;0.400
491;1;null;6.480;2.560;2.280;1.640
492;1;null;10.100;3.960;3.360;2.780
493;1;null;12.020;2.800;6.360;2.860
494;1;null;20.500;8.680;4.420;7.400
495;0;DragonEscaped;9.460;9.460;0.000;0.000
496;0;Timer;33.841;3.800;3.820;26.220
497;1;null;12.980;4.180;4.960;3.840
498;1;null;6.320;3.580;1.160;1.580
499;1;null;8.720;1.840;5.500;1.380
500;1;null;13.840;10.980;1.840;1.020
501;1;null;10.220;3.580;5.040;1.600
502;1;null;7.060;1.280;4.580;1.200
503;1;null;13.760;5.180;2.700;5.880
504;1;null;16.900;5.820;8.780;2.300
505;1;null;13.120;5.660;4.240;3.220
506;1;null;19.240;7.980;7.280;3.980
507;1;null;11.560;3.900;1.380;6.280
508;1;null;13.640;5.080;3.600;4.960
509;1;null;16.860;4.100;3.360;9.400
510;1;null;12.220;9.140;1.560;1.520
511;1;null;14.100;2.360;5.480;6.260
512;1;null;18.040;3.540;1.640;12.860
513;1;null;13.600;7.540;5.220;0.840
514;1;null;17.280;5.400;4.180;7.700
515;1;null;8.960;3.380;1.300;4.280
516;1;null;16.280;2.400;10.560;3.320
517;1;null;13.080;1.960;6.560;4.560
518;1;null;13.340;5.320;2.500;5.520
519;1;null;8.860;3.200;2.000;3.660
520;1;null;15.460;3.040;4.260;8.160
521;1;null;16.340;2.760;5.160;8.420
522;0;Timer;37.641;7.640;2.820;27.180
523;1;null;4.080;2.420;0.660;1.000
524;1;null;27.360;3.860;10.200;13.300
525;1;null;15.200;3.180;8.700;3.320
526;1;null;18.640;5.740;3.740;9.160
527;1;null;7.880;2.760;3.520;1.600
528;1;null;14.940;4.540;5.340;5.060
529;1;null;25.200;3.460;10.680;11.060
530;1;null;24.200;8.020;11.420;4.760
531;1;null;19.640;4.400;9.180;6.060
532;1;null;4.360;1.100;2.600;0.660
533;1;null;15.060;3.840;5.960;5.260
534;1;null;17.300;3.600;8.440;5.260
535;1;null;10.620;1.980;0.840;7.800
536;1;null;10.240;3.100;1.840;5.300
537;1;null;12.640;4.960;1.460;6.220
538;1;null;21.780;6.660;4.400;10.720
539;1;null;11.840;3.480;2.700;5.660
540;0;Timer;34.121;4.100;6.500;23.520
541;1;null;7.780;3.280;3.300;1.200
542;1;null;17.600;1.360;6.960;9.280
543;1;null;15.640;6.100;6.220;3.320
544;1;null;14.360;2.420;8.860;3.080
545;1;null;9.720;5.680;1.280;2.760
546;1;null;10.120;3.760;1.820;4.540
547;1;null;10.420;6.260;1.780;2.380
548;0;Timer;31.641;1.600;3.080;26.960
549;1;null;14.080;1.020;11.940;1.120
550;0;DragonEscaped;13.840;13.840;0.000;0.000
551;1;null;14.840;1.440;4.100;9.300
552;1;null;6.480;4.000;0.960;1.520
553;0;Timer;34.481;4.480;7.180;22.820
554;1;null;16.720;6.900;4.300;5.520
555;1;null;12.700;5.400;4.700;2.600
556;1;null;13.660;6.880;3.640;3.140
557;1;null;13.720;4.500;8.380;0.840
558;1;null;13.700;3.940;5.080;4.680
559;1;null;23.720;4.940;6.200;12.580
560;1;null;16.400;6.840;7.740;1.820
561;1;null;13.220;5.480;1.380;6.360
562;1;null;9.940;5.720;1.840;2.380
563;1;null;11.520;4.020;4.720;2.780
564;1;null;19.900;4.540;0.840;14.520
565;1;null;8.560;2.960;2.920;2.680
566;1;null;13.000;3.500;2.500;7.000
567;1;null;7.440;3.060;1.560;2.820
568;1;null;12.680;2.700;7.380;2.600
569;1;null;15.920;3.760;6.880;5.280
570;1;null;14.540;6.120;3.320;5.100
571;1;null;15.000;5.800;1.600;7.600
572;1;null;16.120;2.820;8.960;4.340
573;1;null;12.320;4.340;1.220;6.760
574;1;null;20.200;3.020;1.180;16.000
575;1;null;10.920;2.500;2.120;6.300
576;1;null;18.900;5.000;4.840;9.060
577;1;null;9.560;2.920;2.060;4.580
578;1;null;18.460;4.660;3.780;10.020
579;1;null;10.420;4.720;1.660;4.040
580;1;null;7.120;3.140;1.800;2.180
581;1;null;17.940;6.140;7.960;3.840
582;1;null;19.940;3.160;7.460;9.320
583;1;null;12.320;3.100;3.380;5.840
584;1;null;14.000;5.680;1.020;7.300
585;1;null;16.360;3.000;7.600;5.760
586;1;null;6.880;2.560;3.240;1.080
587;1;null;22.600;10.780;5.500;6.320
588;1;null;10.740;1.860;1.400;7.480
589;1;null;14.140;3.720;4.680;5.740
590;1;null;9.560;2.480;2.480;4.600
591;1;null;18.180;10.920;2.260;5.000
592;0;Timer;33.801;3.780;0.940;29.080
593;1;null;12.220;4.520;1.580;6.120
594;1;null;12.340;2.280;3.800;6.260
595;1;null;8.200;3.200;2.940;2.060
596;1;null;17.080;4.900;3.200;8.980
597;1;null;13.800;6.060;2.580;5.160
598;1;null;9.140;1.120;4.420;3.600
599;1;null;12.660;3.900;6.220;2.540
600;1;null;19.300;7.180;10.180;1.940
601;1;null;13.920;5.220;5.020;3.680
602;1;null;5.620;2.900;0.640;2.080
603;1;null;11.080;6.020;2.200;2.860
604;1;null;14.320;6.820;4.520;2.980
605;1;null;18.340;7.740;5.700;4.900
606;1;null;13.120;9.760;1.820;1.540
607;1;null;5.960;3.120;1.840;1.000
608;1;null;28.660;3.840;8.260;16.560
609;1;null;12.020;5.100;5.380;1.540
610;1;null;16.560;7.600;2.860;6.100
611;1;null;7.680;2.340;2.860;2.480
612;1;null;15.500;3.400;2.980;9.120
613;1;null;28.460;5.120;6.220;17.120
614;1;null;12.840;3.860;3.260;5.720
615;1;null;22.500;2.760;10.780;8.960
616;1;null;12.140;3.580;4.720;3.840
617;1;null;18.220;1.640;5.080;11.500
618;1;null;18.280;6.920;4.040;7.320
619;1;null;22.720;3.320;9.880;9.520
620;1;null;9.620;4.140;0.920;4.560
621;1;null;24.340;1.740;18.720;3.880
622;1;null;5.880;3.160;1.420;1.300
623;1;null;13.700;3.460;4.060;6.180
624;1;null;11.540;6.040;2.300;3.200
625;1;null;14.760;4.760;4.000;6.000
626;1;null;11.800;2.520;7.780;1.500
627;1;null;22.500;4.200;2.120;16.180
628;1;null;10.020;1.240;5.500;3.280
629;1;null;17.920;8.800;3.780;5.340
630;0;DragonEscaped;12.340;12.340;0.000;0.000
631;1;null;23.260;4.560;14.260;4.440
632;1;null;22.680;3.500;9.540;9.640
633;1;null;16.120;2.780;9.400;3.940
634;1;null;19.900;4.820;2.720;12.360
635;1;null;8.940;1.000;2.000;5.940
636;1;null;15.100;3.400;8.120;3.580
637;1;null;17.280;6.080;8.440;2.760
638;1;null;15.820;6.520;4.340;4.960
639;1;null;16.660;2.220;5.240;9.200
640;1;null;12.860;4.760;0.680;7.420
641;1;null;12.400;2.000;4.540;5.860
642;1;null;11.700;2.000;5.480;4.220
643;1;null;10.040;5.600;2.980;1.460
644;1;null;27.460;3.000;0.880;23.580
645;1;null;18.060;8.500;2.620;6.940
646;1;null;11.380;5.360;0.740;5.280
647;1;null;11.960;5.700;1.360;4.900
648;1;null;19.740;7.340;6.400;6.000
649;1;null;9.380;3.200;3.300;2.880
650;1;null;7.740;3.820;2.860;1.060
651;1;null;16.040;2.720;2.020;11.300
652;1;null;10.100;3.780;2.580;3.740
653;1;null;15.140;1.200;8.760;5.180
654;1;null;13.120;6.280;2.480;4.360
655;1;null;13.000;6.620;2.160;4.220
656;1;null;9.100;3.180;2.780;3.140
657;1;null;15.440;7.260;4.300;3.880
658;1;null;21.680;5.820;6.840;9.020
659;1;null;12.440;4.360;2.060;6.020
660;0;Timer;32.261;2.200;30.061;0.000
661;1;null;21.060;5.020;3.020;13.020
662;1;null;9.960;4.880;3.940;1.140
663;1;null;13.720;7.320;2.380;4.020
664;1;null;14.780;7.680;4.500;2.600
665;1;null;15.580;6.840;3.580;5.160
666;1;null;15.440;4.180;5.000;6.260
667;0;DragonEscaped;9.500;9.500;0.000;0.000
668;1;null;14.980;3.940;1.840;9.200
669;1;null;18.440;4.300;3.840;10.300
670;0;Timer;32.961;2.900;16.900;13.160
671;0;Timer;35.781;5.780;23.120;6.880
672;0;Timer;33.861;3.740;1.300;28.820
673;1;null;9.960;6.040;2.000;1.920
674;1;null;20.080;8.020;4.260;7.800
675;1;null;6.300;1.760;1.820;2.720
676;1;null;9.660;5.000;2.240;2.420
677;1;null;9.560;3.800;1.140;4.620
678;1;null;19.580;4.120;5.120;10.340
679;0;Timer;32.201;2.200;2.420;27.580
680;1;null;19.960;6.100;3.040;10.820
681;1;null;7.560;3.100;2.060;2.400
682;1;null;7.900;4.880;0.440;2.580
683;1;null;19.720;8.020;4.700;7.000
684;1;null;10.700;3.040;3.040;4.620
685;1;null;5.700;1.760;3.000;0.940
686;1;null;6.200;3.120;2.240;0.840
687;1;null;11.540;4.660;3.020;3.860
688;1;null;13.280;3.260;4.920;5.100
689;1;null;12.540;5.440;2.160;4.940
690;1;null;17.020;6.200;2.560;8.260
691;1;null;13.200;7.320;1.420;4.460
692;1;null;11.480;2.780;5.400;3.300
693;1;null;11.580;8.340;1.840;1.400
694;1;null;13.680;8.760;1.800;3.120
695;1;null;9.180;3.360;2.000;3.820
696;1;null;23.220;2.440;5.180;15.600
697;1;null;4.580;1.940;1.680;0.960
698;1;null;20.040;4.160;3.080;12.800
699;1;null;9.100;7.660;0.820;0.620
700;1;null;13.720;1.480;3.720;8.520
701;1;null;7.140;2.500;0.480;4.160
702;1;null;16.880;4.360;1.160;11.360
703;1;null;11.180;5.060;3.340;2.780
704;1;null;10.340;4.680;3.760;1.900
705;1;null;10.180;4.380;4.480;1.320
706;1;null;12.980;5.920;5.800;1.260
707;1;null;13.620;2.840;3.840;6.940
708;1;null;17.300;1.040;9.700;6.560
709;1;null;14.220;7.220;2.720;4.280
710;1;null;8.980;4.280;2.440;2.260
711;1;null;8.960;2.840;1.660;4.460
712;1;null;11.480;2.580;3.540;5.360
713;1;null;15.720;6.900;4.940;3.880
714;1;null;11.700;3.080;2.700;5.920
715;1;null;9.540;5.540;3.120;0.880
716;1;null;16.940;3.820;3.280;9.840
717;1;null;9.420;5.140;2.500;1.780
718;1;null;15.160;3.260;10.620;1.280
719;1;null;7.780;4.480;2.260;1.040
720;1;null;18.120;4.620;3.560;9.940
721;1;null;11.940;2.660;2.220;7.060
722;1;null;27.140;7.020;4.200;15.920
723;1;null;8.360;3.080;0.780;4.500
724;1;null;15.160;4.020;6.140;5.000
725;1;null;10.480;4.660;1.820;4.000
726;1;null;8.000;1.780;3.460;2.760
727;1;null;10.880;2.420;3.660;4.800
728;1;null;15.460;3.980;4.860;6.620
729;1;null;16.440;3.200;5.180;8.060
730;1;null;20.700;3.640;9.420;7.640
731;1;null;6.320;3.440;2.160;0.720
732;1;null;14.900;3.500;8.780;2.620
733;1;null;7.260;4.760;2.060;0.440
734;1;null;19.600;3.940;1.780;13.880
735;1;null;14.260;4.820;5.540;3.900
736;1;null;24.620;5.340;11.080;8.200
737;1;null;9.440;3.280;1.180;4.980
738;1;null;17.840;2.220;11.200;4.420
739;1;null;13.200;3.080;5.980;4.140
740;0;DragonEscaped;9.200;9.200;0.000;0.000
741;1;null;9.080;4.980;1.020;3.080
742;1;null;22.240;2.320;11.660;8.260
743;1;null;14.840;5.960;1.980;6.900
744;1;null;18.180;7.800;1.520;8.860
745;1;null;8.740;3.720;2.600;2.420
746;1;null;8.560;1.500;5.500;1.560
747;1;null;6.900;2.940;3.000;0.960
748;1;null;17.580;3.060;11.160;3.360
749;1;null;10.220;3.000;5.520;1.700
750;1;null;8.820;2.580;2.520;3.720
751;1;null;21.020;5.460;5.140;10.420
752;1;null;19.580;9.220;2.700;7.660
753;1;null;5.600;3.300;0.900;1.400
754;1;null;17.460;3.820;0.920;12.720
755;1;null;33.161;8.000;21.500;3.660
756;1;null;15.420;2.700;8.800;3.920
757;1;null;12.460;6.480;5.540;0.440
758;1;null;13.080;3.400;5.740;3.940
759;1;null;13.980;5.880;2.240;5.860
760;1;null;15.740;4.900;3.500;7.340
761;1;null;31.121;4.400;13.240;13.480
762;1;null;10.480;3.980;1.380;5.120
763;1;null;13.200;6.680;3.020;3.500
764;1;null;15.160;2.440;3.980;8.740
765;1;null;25.340;3.320;2.860;19.160
766;1;null;8.860;5.380;1.360;2.120
767;1;null;13.720;3.700;7.200;2.820
768;1;null;8.140;3.640;2.000;2.500
769;1;null;17.340;5.860;6.100;5.380
770;1;null;23.480;7.460;4.760;11.260
771;1;null;12.880;3.840;4.180;4.860
772;1;null;9.900;4.540;2.860;2.500
773;1;null;14.600;4.800;5.660;4.140
774;1;null;13.980;5.840;1.860;6.280
775;1;null;11.560;6.100;1.320;4.140
776;1;null;12.380;7.860;1.960;2.560
777;1;null;14.580;4.640;5.900;4.040
778;0;Timer;35.481;5.500;18.820;11.160
779;1;null;17.360;8.800;1.560;7.000
780;1;null;21.760;10.080;6.580;5.100
781;1;null;21.500;5.880;1.780;13.840
782;1;null;12.600;1.920;7.600;3.080
783;1;null;15.200;1.400;4.860;8.940
784;1;null;15.760;2.120;2.800;10.840
785;1;null;14.000;5.280;1.100;7.620
786;1;null;18.420;7.960;9.080;1.380
787;1;null;16.360;2.500;3.560;10.300
788;1;null;11.820;1.420;1.140;9.260
789;1;null;9.440;5.580;2.320;1.540
790;1;null;7.180;2.960;2.020;2.200
791;1;null;24.860;4.980;8.460;11.420
792;1;null;24.640;9.460;1.240;13.940
793;1;null;10.900;6.240;2.460;2.200
794;1;null;15.080;1.540;7.660;5.880
795;1;null;6.780;3.120;2.700;0.960
796;1;null;15.460;11.260;3.180;1.020
797;1;null;17.240;5.380;7.680;4.180
798;1;null;16.380;4.980;4.300;7.100
799;0;DragonEscaped;9.760;9.760;0.000;0.000
800;0;Timer;33.701;3.680;29.860;0.160
801;1;null;15.520;4.320;7.340;3.860
802;1;null;9.060;5.040;2.060;1.960
803;1;null;11.020;5.340;1.920;3.760
804;0;Timer;34.581;4.520;1.820;28.240
805;1;null;8.180;4.120;1.200;2.860
806;1;null;15.340;5.980;3.740;5.620
807;1;null;11.740;6.740;2.200;2.800
808;1;null;10.900;3.540;4.620;2.740
809;1;null;11.040;3.100;1.740;6.200
810;1;null;9.740;4.800;1.240;3.700
811;1;null;11.140;3.540;4.920;2.680
812;1;null;9.980;3.640;3.920;2.420
813;1;null;11.800;5.040;2.180;4.580
814;1;null;25.820;3.220;15.640;6.960
815;1;null;23.200;5.320;3.340;14.540
816;1;null;16.400;2.940;4.460;9.000
817;1;null;20.100;6.720;7.420;5.960
818;1;null;11.680;1.960;3.980;5.740
819;1;null;24.800;4.880;18.760;1.160
820;1;null;13.600;1.560;3.560;8.480
821;1;null;12.960;3.480;3.800;5.680
822;1;null;11.340;8.700;1.360;1.280
823;1;null;10.200;5.040;2.400;2.760
824;1;null;12.480;4.800;2.080;5.600
825;1;null;9.060;4.020;0.740;4.300
826;0;Timer;34.501;4.460;2.300;27.740
827;1;null;25.160;2.540;15.240;7.380
828;1;null;17.120;8.060;6.380;2.680
829;1;null;14.840;3.720;6.080;5.040
830;1;null;21.960;3.000;13.240;5.720
831;1;null;11.680;4.940;3.060;3.680
832;1;null;9.180;3.880;0.820;4.480
833;1;null;20.280;2.820;12.820;4.640
834;1;null;19.280;8.500;9.900;0.880
835;0;DragonEscaped;9.140;9.140;0.000;0.000
836;1;null;13.580;4.380;3.580;5.620
837;0;DragonEscaped;10.740;10.740;0.000;0.000
838;1;null;12.100;3.400;4.680;4.020
839;1;null;10.340;3.500;1.520;5.320
840;1;null;16.360;3.400;8.460;4.500
841;1;null;16.300;5.340;6.380;4.580
842;1;null;22.540;1.400;3.360;17.780
843;1;null;15.820;3.160;8.780;3.880
844;0;Timer;34.101;4.020;3.280;26.800
845;1;null;15.100;6.280;1.840;6.980
846;1;null;23.040;8.260;2.140;12.640
847;1;null;6.340;3.000;1.060;2.280
848;1;null;9.580;5.360;2.460;1.760
849;1;null;10.820;3.780;3.560;3.480
850;1;null;18.160;8.540;5.720;3.900
851;1;null;21.500;4.240;11.600;5.660
852;1;null;14.300;4.460;5.780;4.060
853;1;null;14.100;3.340;2.000;8.760
854;1;null;18.460;3.660;10.520;4.280
855;1;null;15.740;5.100;7.760;2.880
856;1;null;16.760;5.780;9.640;1.340
857;1;null;14.060;5.480;1.600;6.980
858;1;null;7.740;1.880;4.940;0.920
859;1;null;15.640;3.540;1.300;10.800
860;1;null;9.980;3.380;3.660;2.940
861;1;null;15.820;5.400;8.820;1.600
862;0;DragonEscaped;9.060;9.060;0.000;0.000
863;1;null;10.080;3.680;2.620;3.780
864;1;null;11.100;5.080;1.040;4.980
865;1;null;18.460;0.860;5.640;11.960
866;1;null;10.660;3.840;3.560;3.260
867;0;Timer;33.321;3.320;2.280;27.720
868;1;null;14.860;6.240;4.820;3.800
869;1;null;7.140;5.300;1.200;0.640
870;1;null;21.700;8.960;1.040;11.700
871;1;null;13.420;4.160;4.200;5.060
872;1;null;7.320;1.540;1.340;4.440
873;1;null;15.740;4.340;4.520;6.880
874;1;null;21.240;6.480;7.780;6.980
875;1;null;13.280;2.320;6.080;4.880
876;1;null;26.000;6.780;0.800;18.420
877;1;null;20.760;8.660;7.460;4.640
878;1;null;13.480;4.340;2.060;7.080
879;1;null;6.180;3.140;0.620;2.420
880;1;null;9.120;4.200;0.780;4.140
881;1;null;6.800;2.100;4.200;0.500
882;1;null;17.460;3.060;5.260;9.140
883;1;null;16.220;4.600;7.640;3.980
884;1;null;11.480;5.240;0.980;5.260
885;1;null;11.760;4.120;1.620;6.020
886;1;null;11.560;1.540;5.100;4.920
887;1;null;4.740;2.780;0.420;1.540
888;0;Timer;32.321;2.320;27.560;2.440
889;1;null;16.720;3.640;1.040;12.040
890;1;null;13.940;5.320;4.960;3.660
891;1;null;8.960;4.300;1.920;2.740
892;0;Timer;32.861;2.800;30.061;0.000
893;1;null;9.600;6.020;2.680;0.900
894;1;null;6.380;2.380;3.060;0.940
895;1;null;6.840;1.160;2.420;3.260
896;1;null;13.500;2.380;5.560;5.560
897;1;null;19.940;6.520;6.780;6.640
898;1;null;9.220;5.300;0.800;3.120
899;1;null;18.240;6.740;4.840;6.660
900;1;null;12.040;1.680;5.080;5.280
901;1;null;19.900;7.320;1.260;11.320
902;1;null;23.620;3.960;16.640;3.020
903;1;null;12.000;4.240;0.840;6.920
904;0;DragonEscaped;9.920;9.920;0.000;0.000
905;1;null;12.140;4.120;2.160;5.860
906;0;Timer;38.501;8.460;9.600;20.440
907;0;Timer;36.601;6.580;25.820;4.200
908;1;null;15.440;6.560;7.340;1.540
909;1;null;12.980;2.460;1.800;8.720
910;1;null;11.800;3.560;1.520;6.720
911;1;null;15.540;9.460;2.200;3.880
912;1;null;12.360;6.980;2.200;3.180
913;1;null;11.760;7.100;1.340;3.320
914;1;null;14.100;5.760;3.440;4.900
915;1;null;13.320;4.520;4.860;3.940
916;0;DragonEscaped;13.020;13.020;0.000;0.000
917;1;null;21.680;5.960;11.760;3.960
918;1;null;13.780;4.280;3.300;6.200
919;1;null;4.720;1.660;1.560;1.500
920;1;null;19.380;2.680;5.200;11.500
921;1;null;6.200;2.320;1.440;2.440
922;1;null;9.640;2.980;5.020;1.640
923;1;null;6.680;4.540;1.080;1.060
924;1;null;12.760;2.840;4.040;5.880
925;1;null;22.460;3.740;9.700;9.020
926;1;null;19.580;4.980;5.560;9.040
927;1;null;13.160;7.040;5.120;1.000
928;1;null;11.940;2.880;2.240;6.820
929;1;null;12.500;1.440;1.240;9.820
930;1;null;17.140;7.040;6.160;3.940
931;1;null;9.700;2.180;2.520;5.000
932;1;null;13.860;4.120;2.680;7.060
933;1;null;10.620;4.500;4.240;1.880
934;1;null;12.980;6.000;2.680;4.300
935;1;null;15.080;5.780;2.220;7.080
936;1;null;17.360;6.200;5.200;5.960
937;1;null;19.840;5.140;5.540;9.160
938;1;null;12.360;3.080;3.460;5.820
939;1;null;16.380;7.340;4.920;4.120
940;1;null;8.400;2.480;2.380;3.540
941;1;null;20.220;7.640;8.180;4.400
942;1;null;15.600;2.340;11.520;1.740
943;1;null;13.980;4.800;3.720;5.460
944;1;null;5.920;2.860;1.240;1.820
945;1;null;20.060;5.500;1.620;12.940
946;1;null;11.940;6.300;1.660;3.980
947;1;null;15.000;4.900;6.040;4.060
948;1;null;14.740;2.940;10.540;1.260
949;1;null;10.860;2.400;5.660;2.800
950;1;null;14.640;5.120;5.340;4.180
951;1;null;11.140;4.400;3.300;3.440
952;1;null;8.940;3.380;1.560;4.000
953;1;null;15.580;4.900;9.840;0.840
954;0;Timer;34.961;4.960;17.600;12.400
955;1;null;14.440;2.640;8.920;2.880
956;1;null;13.940;3.840;4.180;5.920
957;1;null;13.900;3.680;2.460;7.760
958;1;null;12.380;2.920;4.180;5.280
959;1;null;9.360;2.380;2.300;4.680
960;1;null;15.400;5.700;5.300;4.400
961;1;null;17.520;3.520;5.620;8.380
962;1;null;8.860;2.600;3.520;2.740
963;1;null;8.280;6.220;1.580;0.480
964;1;null;8.920;3.900;4.540;0.480
965;1;null;7.140;3.940;2.100;1.100
966;1;null;12.420;3.480;5.140;3.800
967;1;null;12.860;3.360;4.220;5.280
968;1;null;18.900;10.300;5.140;3.460
969;0;Timer;36.021;5.860;7.000;23.160
970;1;null;9.460;3.960;1.600;3.900
971;1;null;21.360;5.540;12.100;3.720
972;1;null;12.520;2.720;1.700;8.100
973;1;null;7.800;4.240;1.760;1.800
974;1;null;13.860;6.600;3.740;3.520
975;1;null;24.160;3.080;10.320;10.760
976;1;null;8.340;3.320;2.420;2.600
977;1;null;21.680;5.340;11.780;4.560
978;1;null;15.000;6.500;4.320;4.180
979;1;null;8.060;5.460;1.860;0.740
980;1;null;23.980;2.800;8.120;13.060
981;1;null;25.900;3.260;15.820;6.820
982;1;null;18.260;4.560;8.860;4.840
983;1;null;18.140;6.380;9.580;2.180
984;1;null;11.060;0.920;0.480;9.660
985;1;null;10.720;3.580;4.480;2.660
986;1;null;12.780;2.220;7.080;3.480
987;0;Timer;35.761;5.760;10.420;19.580
988;1;null;33.101;4.200;1.280;27.620
989;1;null;20.520;6.260;9.260;5.000
990;1;null;9.640;4.820;1.080;3.740
991;1;null;9.960;2.240;4.920;2.800
992;1;null;18.000;4.660;7.460;5.880
993;1;null;14.740;4.180;6.680;3.880
994;1;null;22.760;1.240;1.240;20.280
995;1;null;12.740;5.840;4.840;2.060
996;1;null;19.360;7.200;5.140;7.020
997;0;Timer;35.401;5.380;0.640;29.380
998;1;null;11.260;3.980;3.000;4.280
999;1;null;15.320;3.780;2.260;9.280
1000;0;Timer;32.101;2.080;1.520;28.500
1001;1;null;15.680;9.840;5.320;0.520
1002;1;null;13.660;3.880;7.320;2.460
1003;1;null;12.600;5.320;1.060;6.220
1004;1;null;18.280;5.780;4.700;7.800
1005;1;null;12.060;6.120;0.920;5.020
1006;1;null;15.240;3.220;2.240;9.780
1007;1;null;8.940;2.100;2.580;4.260
1008;1;null;6.300;1.960;0.680;3.660
1009;1;null;7.180;4.340;2.140;0.700
1010;1;null;18.480;5.540;10.360;2.580
1011;1;null;8.200;4.380;1.140;2.680
1012;1;null;13.080;3.200;6.180;3.700
1013;0;DragonEscaped;9.220;9.220;0.000;0.000
1014;1;null;7.060;4.460;1.700;0.900
1015;1;null;12.720;5.380;4.440;2.900
1016;1;null;11.340;4.200;2.480;4.660
1017;1;null;24.160;3.400;2.880;17.880
1018;1;null;16.660;3.420;6.460;6.780
1019;1;null;29.740;8.100;3.560;18.080
1020;1;null;18.600;3.100;2.820;12.680
1021;1;null;8.360;3.260;3.400;1.700
1022;1;null;5.600;2.480;1.660;1.460
1023;0;DragonEscaped;14.020;14.020;0.000;0.000
1024;1;null;9.720;4.100;1.420;4.200
1025;1;null;14.860;3.900;9.620;1.340
1026;1;null;12.820;3.240;4.460;5.120
1027;1;null;5.980;3.000;2.220;0.760
1028;1;null;15.140;5.540;3.520;6.080
1029;1;null;20.380;7.700;0.720;11.960
1030;1;null;31.401;4.460;10.800;16.140
1031;1;null;15.140;3.680;3.080;8.380
1032;1;null;11.540;6.160;1.860;3.520
1033;1;null;13.420;4.700;7.200;1.520
1034;1;null;15.080;3.280;3.560;8.240
1035;1;null;9.140;6.720;1.520;0.900
1036;1;null;15.060;4.280;6.740;4.040
1037;1;null;11.800;4.360;1.880;5.560
1038;1;null;12.060;3.100;2.000;6.960
1039;1;null;7.600;3.420;2.300;1.880
1040;1;null;12.360;3.600;1.240;7.520
1041;1;null;15.000;3.580;10.220;1.200
1042;1;null;29.540;2.040;17.140;10.360
1043;0;Timer;35.181;5.180;6.740;23.260
1044;1;null;18.180;5.240;5.020;7.920
1045;1;null;16.120;5.080;8.040;3.000
1046;1;null;15.800;9.340;1.700;4.760
1047;1;null;6.060;1.940;1.500;2.620
1048;1;null;11.980;1.960;6.740;3.280
1049;1;null;15.740;4.140;5.860;5.740
1050;1;null;17.040;6.040;6.520;4.480
1051;1;null;7.680;4.380;1.000;2.300
1052;1;null;7.960;5.360;1.540;1.060
1053;1;null;12.120;2.980;8.740;0.400
1054;1;null;8.840;3.520;2.360;2.960
1055;1;null;10.300;3.540;3.540;3.220
1056;1;null;31.701;6.780;3.880;21.040
1057;1;null;11.060;3.480;3.600;3.980
1058;1;null;21.480;4.040;4.160;13.280
1059;1;null;9.440;5.740;0.780;2.920
1060;1;null;11.320;5.700;2.020;3.600
1061;1;null;5.140;3.220;0.360;1.560
1062;1;null;7.980;2.220;2.320;3.440
1063;1;null;11.080;6.040;1.240;3.800
1064;1;null;11.780;2.840;1.900;7.040
1065;1;null;21.680;4.800;0.900;15.980
1066;1;null;9.100;7.060;1.060;0.980
1067;1;null;8.380;4.020;1.640;2.720
1068;1;null;10.620;4.620;2.300;3.700
1069;1;null;14.080;4.240;6.040;3.800
1070;1;null;12.140;4.320;6.440;1.380
1071;1;null;13.840;4.600;3.060;6.180
1072;1;null;25.660;3.880;4.860;16.920
1073;1;null;18.460;2.720;1.240;14.500
1074;1;null;17.960;3.500;0.960;13.500
1075;1;null;16.780;3.080;6.060;7.640
1076;1;null;12.640;2.160;5.520;4.960
1077;1;null;11.080;5.920;1.200;3.960
1078;1;null;10.100;4.740;1.680;3.680
1079;1;null;18.460;3.460;8.860;6.140
1080;1;null;6.800;2.920;0.280;3.600
1081;1;null;15.940;6.800;3.020;6.120
1082;1;null;10.580;5.700;1.060;3.820
1083;1;null;17.420;5.600;7.000;4.820
1084;1;null;13.080;4.460;2.220;6.400
1085;1;null;10.680;3.400;4.360;2.920
1086;1;null;27.660;6.020;17.720;3.920
1087;1;null;8.080;3.200;3.000;1.880
1088;1;null;9.660;7.640;1.060;0.960
1089;1;null;10.600;5.420;1.420;3.760
1090;0;DragonEscaped;9.820;9.820;0.000;0.000
1091;1;null;15.500;4.220;7.340;3.940
1092;1;null;15.740;3.760;6.340;5.640
1093;1;null;27.660;4.300;7.180;16.180
1094;1;null;20.300;2.560;6.940;10.800
1095;1;null;10.740;2.500;3.680;4.560
1096;1;null;19.100;6.180;4.200;8.720
1097;1;null;17.740;2.500;9.600;5.640
1098;1;null;17.840;5.960;8.700;3.180
1099;1;null;10.920;2.560;2.500;5.860
1100;1;null;20.560;4.380;1.760;14.420
1101;1;null;23.900;7.960;9.700;6.240
1102;0;DragonEscaped;9.840;9.840;0.000;0.000
1103;1;null;10.560;4.880;0.960;4.720
1104;1;null;11.620;3.660;2.800;5.160
1105;1;null;9.600;4.360;1.140;4.100
1106;1;null;29.140;3.540;16.120;9.480
1107;1;null;15.660;8.660;4.280;2.720
1108;1;null;6.700;3.040;3.000;0.660
1109;1;null;17.380;2.420;9.000;5.960
1110;1;null;15.160;8.020;3.540;3.600
1111;1;null;6.360;3.800;1.240;1.320
1112;1;null;13.280;6.480;3.800;3.000
1113;0;DragonEscaped;10.660;10.660;0.000;0.000
1114;1;null;7.000;3.500;1.320;2.180
1115;1;null;11.540;4.880;2.640;4.020
1116;1;null;9.400;3.160;1.880;4.360
1117;0;Timer;33.901;3.960;4.140;25.800
1118;1;null;19.340;5.520;2.440;11.380
1119;0;Timer;33.641;3.640;1.340;28.660
1120;1;null;14.440;6.160;2.720;5.560
1121;1;null;12.600;4.180;3.800;4.620
1122;1;null;12.400;5.000;1.440;5.960
1123;1;null;9.540;3.100;1.520;4.920
1124;1;null;13.660;5.180;1.440;7.040
1125;1;null;9.360;4.700;2.000;2.660
1126;1;null;8.040;4.960;2.260;0.820
1127;1;null;11.000;2.840;4.640;3.520
1128;1;null;16.840;6.320;9.540;0.980
1129;1;null;11.000;2.440;3.040;5.520
1130;1;null;9.760;1.600;1.660;6.500
1131;1;null;15.380;4.460;0.940;9.980
1132;1;null;22.020;4.540;12.300;5.180
1133;1;null;13.480;3.600;3.240;6.640
1134;1;null;7.100;2.520;3.420;1.160
1135;1;null;12.640;6.780;3.180;2.680
1136;1;null;9.720;2.580;2.280;4.860
1137;1;null;15.380;5.120;3.720;6.540
1138;1;null;17.580;3.880;3.140;10.560
1139;1;null;16.600;3.160;6.700;6.740
1140;1;null;15.900;5.900;4.140;5.860
1141;1;null;14.000;8.560;4.640;0.800
1142;1;null;21.260;4.140;12.920;4.200
1143;1;null;8.880;2.500;2.480;3.900
1144;0;DragonEscaped;11.460;11.460;0.000;0.000
1145;1;null;22.340;5.040;11.560;5.740
1146;1;null;8.560;2.520;2.160;3.880
1147;1;null;30.941;4.720;21.920;4.300
1148;1;null;5.200;2.040;0.700;2.460
1149;1;null;10.620;5.760;1.080;3.780
1150;1;null;15.740;5.120;4.840;5.780
1151;1;null;25.420;4.700;11.820;8.900
1152;1;null;22.700;15.600;3.480;3.620
1153;1;null;17.840;6.020;2.920;8.900
1154;1;null;13.360;2.580;6.080;4.700
1155;1;null;9.020;3.240;2.520;3.260
1156;1;null;6.540;3.700;1.880;0.960
1157;1;null;12.620;4.860;1.720;6.040
1158;1;null;4.560;1.440;0.900;2.220
1159;1;null;7.700;4.020;1.280;2.400
1160;1;null;8.440;4.680;1.140;2.620
1161;1;null;17.200;4.920;7.200;5.080
1162;1;null;12.580;4.920;3.600;4.060
1163;1;null;11.880;3.040;7.340;1.500
1164;1;null;8.560;3.560;2.700;2.300
1165;1;null;13.620;2.540;1.020;10.060
1166;1;null;18.920;6.900;2.180;9.840
1167;1;null;10.100;2.860;1.240;6.000
1168;1;null;10.980;4.880;2.160;3.940
1169;1;null;16.080;1.660;9.880;4.540
1170;1;null;7.940;5.640;1.700;0.600
1171;1;null;18.660;9.920;1.440;7.300
1172;1;null;8.160;2.360;1.340;4.460
1173;1;null;7.980;3.560;0.580;3.840
1174;1;null;8.860;2.680;2.020;4.160
1175;1;null;22.200;3.460;17.000;1.740
1176;1;null;13.880;5.660;2.300;5.920
1177;1;null;12.000;4.220;2.720;5.060
1178;1;null;14.880;4.500;2.060;8.320
1179;1;null;11.020;1.340;2.980;6.700
1180;1;null;19.820;5.180;9.160;5.480
1181;1;null;8.740;4.460;1.480;2.800
1182;1;null;10.600;5.120;0.980;4.500
1183;1;null;16.340;5.920;6.520;3.900
1184;1;null;11.760;2.840;1.600;7.320
1185;0;DragonEscaped;11.780;11.780;0.000;0.000
1186;1;null;13.700;2.240;4.080;7.380
1187;1;null;16.100;4.420;7.280;4.400
1188;1;null;16.640;5.280;3.120;8.240
1189;1;null;17.980;4.580;9.600;3.800
1190;1;null;15.000;4.100;5.980;4.920
1191;1;null;9.660;4.120;2.020;3.520
1192;0;Timer;36.261;6.240;3.440;26.580
1193;1;null;11.300;3.440;0.720;7.140
1194;0;Timer;32.521;2.500;0.460;29.560
1195;1;null;13.120;7.860;2.080;3.180
1196;1;null;14.100;4.980;3.360;5.760
1197;1;null;11.100;4.840;2.280;3.980
1198;0;Timer;34.441;4.400;0.720;29.320
1199;1;null;10.180;5.120;3.120;1.940
1200;1;null;11.040;2.040;4.680;4.320
1201;1;null;4.860;1.800;1.100;1.960
1202;1;null;16.840;8.600;3.940;4.300
1203;1;null;14.060;3.700;5.860;4.500
1204;1;null;7.940;3.100;2.900;1.940
1205;1;null;19.980;4.940;11.480;3.560
1206;1;null;15.760;1.900;4.720;9.140
1207;1;null;28.640;5.280;11.200;12.160
1208;1;null;17.640;5.260;8.140;4.240
1209;0;Timer;35.461;5.420;3.240;26.800
1210;1;null;10.940;3.680;3.680;3.580
1211;1;null;13.340;3.380;3.900;6.060
1212;1;null;7.740;5.020;1.400;1.320
1213;1;null;21.060;5.720;0.920;14.420
1214;1;null;11.060;4.480;2.640;3.940
1215;1;null;11.720;6.320;2.340;3.060
1216;1;null;8.340;5.580;2.080;0.680
1217;1;null;16.880;3.740;3.240;9.900
1218;1;null;9.620;3.920;2.140;3.560
1219;1;null;15.180;3.680;8.560;2.940
1220;1;null;14.320;8.420;4.860;1.040
1221;0;Timer;37.641;7.620;29.400;0.620
1222;1;null;12.760;2.040;8.900;1.820
1223;1;null;14.380;2.100;7.920;4.360
1224;1;null;12.980;2.380;2.580;8.020
1225;1;null;10.420;1.960;2.000;6.460
1226;1;null;19.520;5.900;2.520;11.100
1227;1;null;12.400;5.160;2.080;5.160
1228;1;null;24.700;2.920;2.780;19.000
1229;1;null;11.020;5.960;4.640;0.420
1230;1;null;18.680;3.400;11.520;3.760
1231;1;null;8.980;3.320;2.900;2.760
1232;1;null;7.020;3.860;1.440;1.720
1233;0;Timer;33.201;3.200;1.300;28.700
1234;1;null;12.040;3.920;4.400;3.720
1235;0;DragonEscaped;9.360;9.360;0.000;0.000
1236;1;null;9.260;2.920;4.840;1.500
1237;1;null;13.320;4.040;5.560;3.720
1238;1;null;10.700;2.380;2.680;5.640
1239;1;null;14.860;6.820;2.420;5.620
1240;1;null;22.000;6.360;4.700;10.940
1241;1;null;8.700;2.300;0.580;5.820
1242;1;null;11.560;6.300;4.020;1.240
1243;0;DragonEscaped;8.800;8.800;0.000;0.000
1244;1;null;14.080;4.040;4.300;5.740
1245;1;null;12.620;6.760;5.460;0.400
1246;1;null;10.380;2.180;3.240;4.960
1247;1;null;15.280;3.840;2.840;8.600
1248;1;null;11.740;6.120;3.840;1.780
1249;1;null;5.020;2.660;1.620;0.740
1250;1;null;9.880;4.100;1.700;4.080
1251;1;null;10.980;5.380;2.400;3.200
1252;1;null;18.860;3.380;4.380;11.100
1253;1;null;10.480;6.840;0.520;3.120
1254;1;null;4.560;1.920;2.040;0.600
1255;1;null;22.100;4.680;6.520;10.900
1256;1;null;14.120;2.660;4.860;6.600
1257;1;null;8.220;4.080;0.840;3.300
1258;1;null;15.220;2.460;9.680;3.080
1259;1;null;16.140;5.100;2.520;8.520
1260;1;null;15.900;1.380;3.420;11.100
1261;1;null;14.840;3.880;8.740;2.220
1262;1;null;10.580;3.120;4.840;2.620
1263;1;null;9.580;1.340;0.800;7.440
1264;1;null;12.740;5.160;6.260;1.320
1265;1;null;7.720;3.380;1.260;3.080
1266;1;null;14.020;2.780;6.500;4.740
1267;1;null;14.820;6.240;1.680;6.900
1268;1;null;14.020;4.860;4.660;4.500
1269;1;null;10.440;6.380;1.160;2.900
1270;1;null;11.120;4.980;3.980;2.160
1271;1;null;17.660;2.460;0.920;14.280
1272;1;null;14.660;3.000;5.960;5.700
1273;1;null;9.840;3.980;3.040;2.820
1274;1;null;11.240;2.860;6.720;1.660
1275;1;null;9.740;1.560;7.300;0.880
1276;1;null;13.960;4.640;5.600;3.720
1277;1;null;4.420;1.820;1.760;0.840
1278;1;null;6.900;4.440;2.100;0.360
1279;1;null;12.920;2.540;5.920;4.460
1280;1;null;29.560;2.880;17.480;9.200
1281;1;null;10.600;2.220;3.240;5.140
1282;1;null;20.160;6.940;0.820;12.400
1283;1;null;6.320;3.520;2.120;0.680
1284;1;null;18.640;7.780;1.460;9.400
1285;1;null;19.900;2.180;14.420;3.300
1286;1;null;12.920;2.720;1.600;8.600
1287;1;null;11.180;1.900;4.800;4.480
1288;1;null;13.500;3.000;1.140;9.360
1289;0;DragonEscaped;8.440;8.440;0.000;0.000
1290;1;null;9.340;4.020;4.120;1.200
1291;1;null;14.880;5.540;2.360;6.980
1292;1;null;14.880;4.820;3.220;6.840
1293;1;null;26.680;9.100;13.780;3.800
1294;1;null;6.440;3.340;1.240;1.860
1295;1;null;25.880;7.320;14.040;4.520
1296;1;null;23.220;1.800;8.780;12.640
1297;0;Timer;33.661;3.680;2.500;27.480
1298;1;null;18.140;3.400;9.400;5.340
1299;1;null;18.400;4.280;9.260;4.860
1300;1;null;7.640;3.400;0.920;3.320
1301;1;null;16.280;3.380;2.260;10.640
1302;1;null;9.880;5.180;1.800;2.900
1303;1;null;15.440;3.120;8.880;3.440
1304;1;null;11.540;5.200;3.260;3.080
1305;1;null;7.620;2.480;3.680;1.460
1306;1;null;21.540;6.220;6.560;8.760
1307;1;null;11.040;4.100;2.860;4.080
1308;1;null;22.320;3.740;8.800;9.780
1309;1;null;10.900;3.460;1.560;5.880
1310;1;null;13.960;5.040;4.500;4.420
1311;1;null;7.740;4.720;2.440;0.580
1312;1;null;17.060;7.420;5.580;4.060
1313;1;null;13.920;5.020;6.100;2.800
1314;1;null;9.800;3.240;3.260;3.300
1315;1;null;12.480;4.120;6.820;1.540
1316;1;null;12.340;5.800;2.600;3.940
1317;1;null;32.181;4.180;3.880;24.120
1318;1;null;14.380;4.460;3.240;6.680
1319;1;null;13.580;2.660;6.260;4.660
1320;1;null;15.900;6.540;7.540;1.820
1321;1;null;13.140;5.560;2.520;5.060
1322;1;null;11.920;2.140;3.940;5.840
1323;1;null;17.500;3.600;8.400;5.500
1324;1;null;9.280;5.560;2.780;0.940
1325;1;null;6.720;1.560;2.160;3.000
1326;1;null;24.060;3.480;1.940;18.640
1327;1;null;12.420;3.860;4.880;3.680
1328;1;null;10.400;5.460;1.560;3.380
1329;1;null;8.180;2.600;4.840;0.740
1330;1;null;15.520;2.860;2.640;10.020
1331;1;null;5.720;2.920;0.900;1.900
1332;1;null;6.140;2.500;3.100;0.540
1333;1;null;18.520;6.960;5.360;6.200
1334;1;null;5.500;2.260;1.620;1.620
1335;1;null;15.960;5.000;6.220;4.740
1336;1;null;21.200;5.560;1.660;13.980
1337;1;null;5.200;1.540;0.720;2.940
1338;1;null;16.640;3.320;3.480;9.840
1339;1;null;17.100;5.440;5.040;6.620
1340;1;null;15.100;4.880;4.760;5.460
1341;1;null;13.320;3.200;6.120;4.000
1342;1;null;8.360;4.120;1.360;2.880
1343;1;null;18.280;2.360;3.240;12.680
1344;1;null;14.280;7.220;1.400;5.660
1345;1;null;17.140;6.080;1.100;9.960
1346;1;null;9.060;3.920;3.600;1.540
1347;1;null;15.740;3.560;3.100;9.080
1348;1;null;23.880;5.240;13.200;5.440
1349;1;null;10.220;1.760;3.120;5.340
1350;1;null;7.500;3.640;0.960;2.900
1351;1;null;19.840;2.780;6.180;10.880
1352;1;null;17.140;2.860;8.640;5.640
1353;1;null;10.560;5.120;2.520;2.920
1354;1;null;19.420;4.940;8.180;6.300
1355;1;null;10.940;3.920;1.660;5.360
1356;1;null;6.440;3.920;1.880;0.640
1357;1;null;12.460;4.960;6.860;0.640
1358;1;null;9.580;4.700;1.420;3.460
1359;1;null;14.580;2.520;10.820;1.240
1360;1;null;8.100;1.300;2.140;4.660
1361;1;null;9.700;4.180;1.080;4.440
1362;1;null;21.580;2.460;0.780;18.340
1363;1;null;19.740;2.640;3.060;14.040
1364;0;Timer;36.361;6.380;1.760;28.220
1365;1;null;20.340;5.400;3.360;11.580
1366;1;null;26.900;8.980;12.180;5.740
1367;1;null;8.180;4.460;1.400;2.320
1368;0;Timer;34.661;4.620;2.080;27.960
1369;1;null;17.600;9.180;2.840;5.580
1370;1;null;8.940;5.080;3.220;0.640
1371;1;null;17.580;6.040;6.900;4.640
1372;1;null;7.920;4.760;1.880;1.280
1373;1;null;16.120;5.200;5.480;5.440
1374;1;null;31.141;4.380;18.440;8.320
1375;1;null;12.520;3.160;4.520;4.840
1376;1;null;13.720;5.160;3.260;5.300
1377;1;null;27.280;1.180;15.980;10.120
1378;1;null;9.940;5.860;1.640;2.440
1379;1;null;12.760;3.580;3.360;5.820
1380;1;null;12.100;5.500;3.560;3.040
1381;1;null;19.460;4.160;9.960;5.340
1382;1;null;10.640;2.600;1.120;6.920
1383;1;null;15.260;4.560;5.380;5.320
1384;1;null;22.680;4.600;1.820;16.260
1385;1;null;9.540;4.780;2.480;2.280
1386;1;null;23.120;5.680;10.740;6.700
1387;1;null;7.080;1.060;1.280;4.740
1388;1;null;13.460;4.640;5.040;3.780
1389;1;null;14.360;6.420;5.800;2.140
1390;1;null;14.580;4.560;1.660;8.360
1391;1;null;25.920;3.960;16.080;5.880
1392;1;null;9.600;3.260;1.420;4.920
1393;1;null;9.380;3.360;2.520;3.500
1394;1;null;9.060;2.260;2.140;4.660
1395;1;null;13.140;6.020;4.000;3.120
1396;1;null;12.580;2.640;5.500;4.440
1397;1;null;15.180;4.620;7.240;3.320
1398;1;null;15.920;4.020;5.380;6.520
1399;1;null;15.860;2.560;9.660;3.640
1400;1;null;5.160;2.760;0.700;1.700
1401;1;null;11.940;2.720;2.840;6.380
1402;1;null;9.100;2.340;3.040;3.720
1403;1;null;7.320;4.080;1.120;2.120
1404;1;null;7.540;2.600;2.500;2.440
1405;1;null;15.100;3.140;6.800;5.160
1406;1;null;14.340;3.420;7.140;3.780
1407;1;null;24.120;9.080;8.340;6.700
1408;1;null;9.340;3.620;3.880;1.840
1409;1;null;8.180;6.100;1.320;0.760
1410;1;null;11.860;6.360;1.940;3.560
1411;1;null;11.340;3.160;2.320;5.860
1412;1;null;9.880;3.380;2.660;3.840
1413;0;Timer;33.361;3.320;6.400;23.640
1414;1;null;9.860;3.160;2.520;4.180
1415;1;null;19.100;7.660;5.060;6.380
1416;1;null;10.820;5.080;3.640;2.100
1417;1;null;16.820;5.000;5.040;6.780
1418;1;null;11.240;2.900;1.960;6.380
1419;1;null;19.400;6.000;6.420;6.980
1420;1;null;9.280;3.440;1.860;3.980
1421;1;null;7.880;4.000;1.200;2.680
1422;1;null;9.660;3.460;2.360;3.840
1423;1;null;19.900;2.800;10.500;6.600
1424;1;null;25.440;17.740;3.220;4.480
1425;1;null;11.260;2.480;0.500;8.280
1426;1;null;15.660;5.360;5.120;5.180
1427;1;null;11.520;6.440;1.960;3.120
1428;1;null;15.660;4.940;6.660;4.060
1429;1;null;9.780;4.780;1.980;3.020
1430;1;null;8.660;3.400;3.240;2.020
1431;1;null;24.220;2.960;9.800;11.460
1432;1;null;5.980;2.600;0.760;2.620
1433;1;null;12.460;3.300;5.240;3.920
1434;0;Timer;33.021;3.060;2.220;27.740
1435;1;null;7.080;2.000;1.200;3.880
1436;1;null;26.200;4.920;5.340;15.940
1437;1;null;17.220;4.100;1.060;12.060
1438;1;null;9.100;3.280;1.280;4.540
1439;1;null;8.040;2.820;2.740;2.480
1440;1;null;11.620;6.920;2.280;2.420
1441;1;null;14.660;3.880;0.720;10.060
1442;1;null;9.360;3.480;2.540;3.340
1443;1;null;16.500;1.540;9.540;5.420
1444;1;null;9.960;4.180;2.180;3.600
1445;1;null;17.580;3.660;6.980;6.940
1446;1;null;9.480;4.000;1.300;4.180
1447;1;null;31.261;3.940;17.320;10.000
1448;1;null;17.360;5.060;7.740;4.560
1449;1;null;8.240;4.620;2.560;1.060
1450;1;null;12.720;6.620;1.580;4.520
1451;1;null;11.380;3.420;2.560;5.400
1452;1;null;8.680;5.040;1.100;2.540
1453;1;null;10.140;8.300;0.680;1.160
1454;1;null;18.460;7.440;4.060;6.960
1455;1;null;8.220;2.460;2.620;3.140
1456;1;null;14.280;7.100;6.380;0.800
1457;1;null;9.080;4.900;2.200;1.980
1458;1;null;5.680;2.480;0.780;2.420
1459;1;null;6.880;2.680;0.840;3.360
1460;1;null;10.680;3.100;4.860;2.720
1461;1;null;11.300;2.540;3.220;5.540
1462;1;null;15.960;2.420;6.560;6.980
1463;1;null;15.220;6.100;4.520;4.600
1464;1;null;21.320;5.260;4.180;11.880
1465;1;null;11.140;5.260;1.000;4.880
1466;1;null;25.840;6.280;17.760;1.800
1467;1;null;15.280;5.180;5.000;5.100
1468;1;null;12.180;3.600;5.980;2.600
1469;1;null;20.860;5.540;1.920;13.400
1470;1;null;10.400;5.940;3.600;0.860
1471;1;null;16.860;5.680;5.040;6.140
1472;1;null;13.900;3.300;6.780;3.820
1473;1;null;17.580;3.500;6.440;7.640
1474;1;null;12.320;3.080;3.740;5.500
1475;1;null;13.960;5.540;2.100;6.320
1476;1;null;6.880;1.800;1.660;3.420
1477;1;null;21.960;7.180;5.500;9.280
1478;1;null;21.500;2.760;12.880;5.860
1479;1;null;19.420;7.900;6.020;5.500
1480;1;null;13.020;4.560;1.900;6.560
1481;1;null;6.940;3.120;2.420;1.400
1482;1;null;13.920;6.420;1.140;6.360
1483;1;null;14.740;3.800;3.440;7.500
1484;1;null;9.520;2.540;3.100;3.880
1485;1;null;21.840;11.320;8.880;1.640
1486;1;null;7.680;3.120;1.720;2.840
1487;1;null;15.280;4.760;5.840;4.680
1488;1;null;11.400;4.540;1.380;5.480
1489;1;null;7.700;5.620;1.440;0.640
1490;1;null;14.160;4.840;5.680;3.640
1491;0;Timer;37.421;7.420;15.600;14.400
1492;1;null;12.600;4.280;1.220;7.100
1493;1;null;16.220;4.060;7.900;4.260
1494;1;null;6.980;3.460;2.860;0.660
1495;1;null;19.120;5.120;1.600;12.400
1496;1;null;19.440;6.900;8.920;3.620
1497;0;Timer;37.781;7.700;9.880;20.200
1498;1;null;12.700;6.000;3.480;3.220
1499;1;null;23.000;6.060;3.800;13.140
1500;1;null;26.820;5.680;2.180;18.960
1501;1;null;20.040;5.280;8.360;6.400
1502;1;null;14.880;2.660;7.380;4.840
1503;1;null;27.020;2.160;1.040;23.820
1504;1;null;5.560;4.320;0.500;0.740
1505;1;null;13.660;3.640;2.100;7.920
1506;1;null;13.980;7.640;1.320;5.020
1507;1;null;10.940;3.560;3.200;4.180
1508;1;null;14.040;5.900;2.220;5.920
1509;1;null;13.760;2.340;6.560;4.860
1510;1;null;13.680;3.000;3.460;7.220
1511;1;null;11.900;5.360;2.360;4.180
1512;1;null;12.900;2.340;1.680;8.880
1513;1;null;12.840;4.000;1.920;6.920
1514;1;null;17.620;4.440;8.160;5.020
1515;1;null;13.900;5.400;4.420;4.080
1516;1;null;23.800;4.240;10.600;8.960
1517;1;null;14.600;1.780;2.960;9.860
1518;1;null;15.520;4.120;8.440;2.960
1519;1;null;17.680;6.500;6.520;4.660
1520;0;Timer;34.041;3.980;30.061;0.000
1521;0;Timer;32.721;2.720;21.160;8.840
1522;1;null;12.360;2.060;7.980;2.320
1523;1;null;25.000;4.000;1.340;19.660
1524;1;null;23.660;4.420;4.920;14.320
1525;1;null;9.620;4.440;1.420;3.760
1526;1;null;14.420;2.500;3.900;8.020
1527;1;null;16.640;4.840;5.580;6.220
1528;1;null;10.880;2.560;1.020;7.300
1529;1;null;8.440;1.880;1.900;4.660
1530;1;null;14.240;6.100;2.880;5.260
1531;0;Timer;34.601;4.500;2.140;27.960
1532;1;null;11.680;5.600;5.680;0.400
1533;1;null;25.260;7.360;8.080;9.820
1534;1;null;11.920;5.560;4.460;1.900
1535;1;null;9.580;4.200;1.700;3.680
1536;1;null;5.100;3.340;1.000;0.760
1537;1;null;14.940;2.900;8.960;3.080
1538;0;Timer;32.041;2.040;4.940;25.060
1539;1;null;13.460;5.880;4.820;2.760
1540;1;null;11.660;2.140;3.580;5.940
1541;1;null;12.280;3.900;7.240;1.140
1542;1;null;8.620;3.440;1.660;3.520
1543;1;null;16.740;3.720;8.440;4.580
1544;0;Timer;34.321;4.180;5.240;24.900
1545;1;null;16.240;4.500;1.540;10.200
1546;1;null;13.880;4.260;3.300;6.320
1547;1;null;12.100;5.720;2.340;4.040
1548;1;null;12.160;1.860;5.780;4.520
1549;1;null;13.400;6.780;3.680;2.940
1550;1;null;13.440;4.300;0.520;8.620
1551;1;null;14.460;0.980;6.960;6.520
1552;1;null;8.160;3.100;3.740;1.320
1553;1;null;11.640;5.920;3.200;2.520
1554;1;null;9.200;5.000;2.280;1.920
1555;1;null;6.340;3.240;2.340;0.760
1556;1;null;15.880;7.620;5.280;2.980
1557;1;null;17.220;2.220;7.800;7.200
1558;1;null;11.160;4.340;2.640;4.180
1559;1;null;6.240;1.800;2.020;2.420
1560;1;null;4.760;2.460;0.940;1.360
1561;1;null;12.800;7.100;3.000;2.700
1562;1;null;15.620;1.900;3.420;10.300
1563;0;Timer;33.401;3.420;1.920;28.060
1564;1;null;6.860;3.080;3.100;0.680
1565;0;Timer;34.881;4.900;26.060;3.920
1566;1;null;11.880;3.160;5.400;3.320
1567;1;null;18.920;3.220;12.260;3.440
1568;1;null;8.340;2.580;2.880;2.880
1569;1;null;12.880;4.440;5.880;2.560
1570;1;null;14.240;1.520;3.720;9.000
1571;1;null;20.260;4.360;6.620;9.280
1572;0;DragonEscaped;9.480;9.480;0.000;0.000
1573;1;null;11.680;3.440;1.900;6.340
1574;1;null;17.720;3.920;1.400;12.400
1575;1;null;11.480;7.640;0.960;2.880
1576;0;DragonEscaped;11.760;11.760;0.000;0.000
1577;1;null;13.260;8.520;1.200;3.540
1578;1;null;17.120;4.540;6.540;6.040
1579;1;null;7.620;4.300;0.860;2.460
1580;1;null;13.560;4.580;4.700;4.280
1581;1;null;17.100;5.900;8.720;2.480
1582;1;null;10.440;2.140;5.120;3.180
1583;1;null;17.060;6.180;8.060;2.820
1584;1;null;11.940;3.400;1.700;6.840
1585;1;null;7.380;3.840;3.120;0.420
1586;1;null;16.180;3.560;8.700;3.920
1587;1;null;14.880;2.500;7.340;5.040
1588;1;null;9.800;3.140;5.360;1.300
1589;1;null;17.080;4.100;10.260;2.720
1590;1;null;16.980;4.040;4.620;8.320
1591;1;null;15.520;8.040;4.880;2.600
1592;1;null;10.380;4.660;2.760;2.960
1593;1;null;15.200;4.660;5.300;5.240
1594;1;null;12.980;1.380;3.780;7.820
1595;1;null;19.320;5.780;4.140;9.400
1596;1;null;13.340;2.780;1.400;9.160
1597;1;null;12.320;5.640;0.980;5.700
1598;1;null;12.060;2.100;6.460;3.500
1599;1;null;16.420;4.780;5.160;6.480
1600;1;null;32.281;5.080;21.700;5.500
1601;1;null;7.560;3.460;0.940;3.160
1602;1;null;9.020;2.820;1.900;4.300
1603;1;null;13.000;3.480;4.420;5.100
1604;1;null;19.200;5.400;9.320;4.480
1605;1;null;6.820;3.560;0.800;2.460
1606;1;null;10.620;3.380;2.460;4.780
1607;1;null;7.400;2.800;0.580;4.020
1608;1;null;13.020;4.540;3.360;5.120
1609;0;Timer;35.301;5.260;3.340;26.700
1610;1;null;21.340;3.720;10.080;7.540
1611;1;null;12.340;2.600;1.060;8.680
1612;1;null;9.180;3.520;3.080;2.580
1613;1;null;18.060;2.460;7.340;8.260
1614;1;null;4.520;2.260;1.480;0.780
1615;1;null;6.200;4.640;1.200;0.360
1616;1;null;8.480;2.540;3.180;2.760
1617;1;null;17.560;3.260;7.680;6.620
1618;1;null;15.040;3.440;0.880;10.720
1619;1;null;9.360;5.140;1.820;2.400
1620;0;DragonEscaped;9.460;9.460;0.000;0.000
1621;1;null;9.240;5.880;2.740;0.620
1622;1;null;15.540;4.680;3.300;7.560
1623;1;null;5.120;3.100;0.840;1.180
1624;1;null;17.700;5.120;7.520;5.060
1625;1;null;26.460;7.620;13.540;5.300
1626;1;null;12.360;4.640;4.860;2.860
1627;1;null;16.340;1.320;1.240;13.780
1628;1;null;13.840;1.480;5.180;7.180
1629;1;null;8.840;4.180;1.520;3.140
1630;1;null;15.660;5.760;6.260;3.640
1631;1;null;19.960;3.120;0.940;15.900
1632;1;null;22.100;2.640;10.900;8.560
1633;1;null;6.920;1.860;1.740;3.320
1634;1;null;11.800;2.380;6.060;3.360
1635;1;null;6.200;2.680;2.160;1.360
1636;1;null;12.100;3.640;5.360;3.100
1637;1;null;14.760;5.360;4.740;4.660
1638;1;null;8.980;2.440;4.440;2.100
1639;1;null;11.600;5.740;5.360;0.500
1640;1;null;11.720;1.980;1.360;8.380
1641;1;null;12.440;4.800;4.460;3.180
1642;1;null;6.400;3.780;1.640;0.980
1643;1;null;13.200;3.000;5.320;4.880
1644;1;null;9.420;4.880;1.480;3.060
1645;1;null;14.820;5.940;1.740;7.140
1646;1;null;12.980;4.140;3.740;5.100
1647;1;null;15.120;6.700;5.180;3.240
1648;1;null;7.900;3.160;3.580;1.160
1649;1;null;20.560;6.560;0.960;13.040
1650;1;null;13.480;4.260;3.620;5.600
1651;1;null;8.140;2.000;2.580;3.560
1652;1;null;19.240;8.340;2.720;8.180
1653;1;null;20.540;4.900;8.460;7.180
1654;1;null;18.980;3.700;3.040;12.240
1655;1;null;12.500;5.420;1.640;5.440
1656;1;null;19.220;6.520;3.020;9.680
1657;0;Timer;33.541;3.480;6.100;23.960
1658;1;null;8.760;3.120;5.200;0.440
1659;1;null;26.180;5.520;14.580;6.080
1660;1;null;12.660;6.460;3.400;2.800
1661;1;null;15.820;5.420;2.360;8.040
1662;1;null;9.240;4.480;1.860;2.900
1663;1;null;12.740;5.600;4.940;2.200
1664;1;null;19.080;5.320;7.940;5.820
1665;1;null;9.720;1.360;4.760;3.600
1666;1;null;16.480;7.960;3.720;4.800
1667;1;null;11.500;1.540;4.500;5.460
1668;1;null;9.720;2.640;2.720;4.360
1669;1;null;12.960;5.740;1.780;5.440
1670;1;null;8.220;3.660;0.740;3.820
1671;1;null;12.980;3.620;3.900;5.460
1672;1;null;16.040;7.180;3.240;5.620
1673;1;null;13.960;3.300;5.040;5.620
1674;1;null;27.840;4.820;2.660;20.360
1675;1;null;11.300;2.920;5.340;3.040
1676;1;null;11.340;5.620;1.280;4.440
1677;1;null;8.480;2.560;1.560;4.360
1678;1;null;21.360;3.460;2.500;15.400
1679;1;null;9.640;3.720;3.380;2.540
1680;1;null;7.900;2.200;2.060;3.640
1681;1;null;11.900;1.680;6.620;3.600
1682;1;null;6.620;4.540;1.660;0.420
1683;0;Timer;31.701;1.680;3.560;26.460
1684;1;null;29.600;5.820;11.600;12.180
1685;0;Timer;36.261;6.200;2.960;27.100
1686;1;null;15.020;3.160;3.000;8.860
1687;1;null;13.200;2.200;4.620;6.380
1688;1;null;17.620;1.380;2.440;13.800
1689;1;null;26.760;5.620;4.180;16.960
1690;1;null;18.200;4.260;6.880;7.060
1691;1;null;4.180;2.120;0.880;1.180
1692;1;null;9.380;4.880;1.480;3.020
1693;1;null;25.120;3.920;16.560;4.640
1694;1;null;25.920;5.720;3.360;16.840
1695;1;null;10.760;5.360;1.680;3.720
1696;1;null;23.040;5.900;9.040;8.100
1697;1;null;11.940;2.460;5.900;3.580
1698;1;null;8.900;3.620;2.300;2.980
1699;1;null;10.760;2.040;1.600;7.120
1700;1;null;24.780;6.880;4.420;13.480
1701;1;null;10.160;2.480;4.760;2.920
1702;1;null;12.040;3.920;1.860;6.260
1703;1;null;6.280;3.620;0.760;1.900
1704;1;null;7.840;2.440;1.740;3.660
1705;1;null;18.120;5.440;2.840;9.840
1706;1;null;19.600;7.080;7.980;4.540
1707;1;null;6.500;4.980;1.160;0.360
1708;1;null;9.040;4.700;1.780;2.560
1709;1;null;9.420;4.480;2.660;2.280
1710;1;null;12.000;6.920;1.900;3.180
1711;1;null;5.120;1.960;1.940;1.220
1712;1;null;11.680;8.560;1.760;1.360
1713;1;null;10.320;3.420;4.000;2.900
1714;1;null;25.380;6.680;9.680;9.020
1715;1;null;6.940;1.980;1.940;3.020
1716;1;null;9.960;2.160;6.320;1.480
1717;1;null;26.100;3.760;17.360;4.980
1718;1;null;24.200;8.360;4.940;10.900
1719;1;null;11.480;5.420;2.720;3.340
1720;1;null;9.080;2.360;1.260;5.460
1721;1;null;16.200;9.500;5.060;1.640
1722;1;null;22.920;11.180;9.040;2.700
1723;1;null;10.600;4.200;1.680;4.720
1724;1;null;13.900;3.500;1.760;8.640
1725;1;null;16.600;4.360;8.080;4.160
1726;1;null;19.180;4.940;6.860;7.380
1727;1;null;10.720;6.520;1.320;2.880
1728;1;null;9.480;3.120;1.680;4.680
1729;1;null;12.720;6.900;1.720;4.100
1730;1;null;19.780;6.840;8.500;4.440
1731;1;null;16.500;4.460;4.820;7.220
1732;1;null;17.600;4.100;12.200;1.300
1733;1;null;12.660;8.560;3.640;0.460
1734;1;null;20.980;8.960;4.260;7.760
1735;1;null;16.160;4.840;1.360;9.960
1736;1;null;13.680;6.520;3.180;3.980
1737;1;null;12.700;3.740;2.080;6.880
1738;1;null;19.900;3.200;4.640;12.060
1739;1;null;12.640;6.060;2.260;4.320
1740;1;null;11.140;3.680;0.920;6.540
1741;1;null;14.080;2.420;10.680;0.980
1742;1;null;31.261;3.640;22.120;5.500
1743;1;null;14.780;9.100;3.980;1.700
1744;1;null;13.520;4.760;3.940;4.820
1745;1;null;9.680;1.680;2.560;5.440
1746;1;null;10.320;7.780;0.540;2.000
1747;1;null;9.960;3.880;5.400;0.680
1748;1;null;11.720;4.820;6.400;0.500
1749;1;null;9.260;4.100;1.320;3.840
1750;1;null;26.840;2.100;13.660;11.080
1751;1;null;8.260;3.640;1.760;2.860
1752;1;null;7.800;4.900;1.800;1.100
1753;1;null;4.920;1.280;3.120;0.520
1754;0;Timer;33.301;3.240;2.360;27.700
1755;1;null;17.160;5.700;7.520;3.940
1756;0;DragonEscaped;9.560;9.560;0.000;0.000
1757;1;null;6.940;3.240;2.580;1.120
1758;1;null;13.080;2.340;1.720;9.020
1759;1;null;15.400;4.740;2.380;8.280
1760;1;null;24.480;5.280;8.660;10.540
1761;1;null;19.940;7.440;8.320;4.180
1762;1;null;12.120;4.780;3.160;4.180
1763;1;null;14.480;6.360;3.100;5.020
1764;1;null;12.020;3.400;4.820;3.800
1765;1;null;11.120;4.120;3.280;3.720
1766;1;null;33.321;6.880;22.760;3.680
1767;1;null;9.160;3.640;1.360;4.160
1768;1;null;10.420;4.800;2.200;3.420
1769;1;null;16.120;2.500;2.500;11.120
1770;1;null;10.200;2.460;3.660;4.080
1771;1;null;6.540;2.560;1.280;2.700
1772;1;null;11.160;4.480;3.960;2.720
1773;1;null;12.100;3.900;4.540;3.660
1774;1;null;15.360;3.440;3.080;8.840
1775;1;null;31.441;12.860;11.000;7.580
1776;1;null;7.180;3.160;3.360;0.660
1777;1;null;13.020;7.300;1.820;3.900
1778;1;null;19.640;6.360;3.760;9.520
1779;1;null;21.120;3.760;13.300;4.060
1780;0;DragonEscaped;11.680;11.680;0.000;0.000
1781;1;null;20.400;5.480;2.040;12.880
1782;1;null;16.300;4.420;4.060;7.820
1783;1;null;11.440;3.620;1.260;6.560
1784;1;null;9.460;5.800;2.480;1.180
1785;1;null;19.860;3.480;6.060;10.320
1786;1;null;18.460;7.060;10.880;0.520
1787;1;null;7.200;4.820;1.260;1.120
1788;1;null;10.120;3.460;2.200;4.460
1789;1;null;12.660;3.880;4.900;3.880
1790;1;null;13.800;3.480;4.160;6.160
1791;1;null;15.380;4.100;6.760;4.520
1792;1;null;14.420;8.400;2.020;4.000
1793;1;null;11.080;3.120;3.980;3.980
1794;1;null;19.620;7.080;5.100;7.440
1795;1;null;9.020;4.680;1.840;2.500
1796;1;null;8.660;2.860;2.640;3.160
1797;1;null;12.680;3.300;5.380;4.000
1798;1;null;18.200;4.880;7.620;5.700
1799;1;null;14.440;7.580;2.540;4.320
1800;1;null;9.300;5.240;1.300;2.760
1801;1;null;21.460;3.960;2.260;15.240
1802;1;null;13.120;3.740;7.420;1.960
1803;1;null;25.940;5.340;8.460;12.140
1804;1;null;13.180;2.800;3.720;6.660
1805;1;null;21.460;10.380;7.300;3.780
1806;1;null;11.740;5.980;1.380;4.380
1807;1;null;12.620;7.300;1.040;4.280
1808;1;null;14.040;6.540;1.720;5.780
1809;1;null;16.340;4.520;5.980;5.840
1810;1;null;5.540;2.860;1.820;0.860
1811;1;null;14.500;4.160;1.160;9.180
1812;0;Timer;37.001;7.000;12.220;17.780
1813;1;null;10.360;2.420;6.980;0.960
1814;1;null;19.220;5.940;1.460;11.820
1815;0;DragonEscaped;9.840;9.840;0.000;0.000
1816;1;null;12.260;3.180;7.320;1.760
1817;0;DragonEscaped;13.720;13.720;0.000;0.000
1818;1;null;11.420;2.720;4.500;4.200
1819;1;null;13.700;4.400;3.640;5.660
1820;1;null;5.860;2.440;2.160;1.260
1821;1;null;18.020;5.980;9.220;2.820
1822;1;null;13.360;6.540;4.160;2.660
1823;1;null;22.680;9.080;2.420;11.180
1824;1;null;24.160;7.240;10.540;6.380
1825;1;null;12.280;5.620;2.480;4.180
1826;0;DragonEscaped;11.460;11.460;0.000;0.000
1827;1;null;12.620;3.180;4.260;5.180
1828;1;null;16.900;6.720;6.820;3.360
1829;1;null;15.160;6.820;3.240;5.100
1830;1;null;16.380;4.480;2.840;9.060
1831;1;null;8.860;2.840;2.920;3.100
1832;1;null;20.260;6.380;6.000;7.880
1833;1;null;6.400;3.220;1.800;1.380
1834;0;Timer;34.101;4.080;24.760;5.260
1835;1;null;7.720;4.280;1.220;2.220
1836;1;null;14.580;9.020;4.600;0.960
1837;1;null;8.720;2.260;3.820;2.640
1838;1;null;19.940;5.660;10.920;3.360
1839;1;null;12.420;3.980;5.080;3.360
1840;1;null;13.200;4.920;4.140;4.140
1841;1;null;14.700;2.980;1.220;10.500
1842;1;null;9.140;2.140;1.860;5.140
1843;1;null;13.420;4.280;3.460;5.680
1844;1;null;18.500;5.500;9.000;4.000
1845;0;DragonEscaped;10.480;10.480;0.000;0.000
1846;1;null;10.620;5.680;2.360;2.580
1847;1;null;16.420;4.300;3.320;8.800
1848;1;null;18.560;6.160;8.320;4.080
1849;1;null;12.200;6.920;3.580;1.700
1850;1;null;5.960;2.460;1.060;2.440
1851;1;null;4.720;1.740;2.220;0.760
1852;1;null;9.960;4.140;3.460;2.360
1853;1;null;17.740;3.440;4.240;10.060
1854;1;null;10.460;6.140;3.280;1.040
1855;1;null;23.520;5.700;12.620;5.200
1856;1;null;10.020;4.920;0.840;4.260
1857;1;null;13.480;6.540;1.180;5.760
1858;1;null;8.720;2.780;1.840;4.100
1859;1;null;10.620;5.360;2.060;3.200
1860;1;null;14.800;3.360;2.360;9.080
1861;1;null;7.000;2.440;0.680;3.880
1862;1;null;10.740;5.320;3.760;1.660
1863;0;DragonEscaped;9.780;9.780;0.000;0.000
1864;1;null;18.160;5.460;4.140;8.560
1865;1;null;15.920;4.040;2.420;9.460
1866;1;null;10.900;6.820;3.580;0.500
1867;1;null;26.240;6.000;16.300;3.940
1868;1;null;20.160;3.640;7.460;9.060
1869;1;null;13.960;2.600;9.540;1.820
1870;1;null;8.100;2.260;3.160;2.680
1871;1;null;15.200;4.700;9.200;1.300
1872;1;null;9.480;2.060;1.680;5.740
1873;0;DragonEscaped;10.140;10.140;0.000;0.000
1874;1;null;11.380;1.860;1.980;7.540
1875;0;Timer;33.441;3.440;3.660;26.340
1876;1;null;10.040;2.060;3.040;4.940
1877;1;null;12.440;4.860;2.520;5.060
1878;1;null;12.980;2.380;7.140;3.460
1879;1;null;13.600;2.480;6.820;4.300
1880;0;DragonEscaped;9.640;9.640;0.000;0.000
1881;1;null;8.800;2.600;4.120;2.080
1882;1;null;15.340;5.400;5.860;4.080
1883;1;null;13.140;5.400;1.800;5.940
1884;1;null;6.980;1.520;2.000;3.460
1885;0;Timer;34.901;4.500;7.200;23.200
1886;1;null;8.180;4.320;1.820;2.040
1887;1;null;9.040;3.360;3.900;1.780
1888;1;null;9.280;2.480;4.300;2.500
1889;1;null;16.460;10.840;4.000;1.620
1890;1;null;12.000;3.920;3.400;4.680
1891;1;null;13.400;5.200;6.280;1.920
1892;1;null;12.280;1.860;3.820;6.600
1893;1;null;16.280;3.220;5.660;7.400
1894;1;null;14.760;5.020;2.020;7.720
1895;1;null;12.780;4.320;4.280;4.180
1896;1;null;8.320;3.480;2.300;2.540
1897;1;null;10.660;4.980;3.160;2.520
1898;0;Timer;31.741;1.620;5.580;24.540
1899;1;null;29.780;9.700;2.380;17.700
1900;0;Timer;33.181;3.120;14.580;15.480
1901;1;null;18.940;2.360;9.780;6.800
1902;1;null;20.860;3.980;1.120;15.760
1903;1;null;16.780;4.160;1.320;11.300
1904;1;null;10.660;1.560;2.160;6.940
1905;1;null;5.460;1.640;0.780;3.040
1906;1;null;16.760;5.600;5.820;5.340
1907;0;DragonEscaped;9.520;9.520;0.000;0.000
1908;1;null;13.660;5.160;1.460;7.040
1909;1;null;12.040;3.680;3.940;4.420
1910;1;null;6.900;2.360;0.940;3.600
1911;1;null;19.320;11.820;1.740;5.760
1912;1;null;12.300;4.820;5.920;1.560
1913;1;null;8.240;3.500;2.420;2.320
1914;1;null;13.940;3.120;3.160;7.660
1915;1;null;9.700;4.680;2.640;2.380
1916;1;null;17.580;3.040;2.720;11.820
1917;1;null;13.780;5.480;1.920;6.380
1918;1;null;10.360;4.240;5.220;0.900
1919;1;null;27.700;7.640;15.400;4.660
1920;0;Timer;33.901;3.900;30.001;0.000
1921;1;null;8.540;3.240;2.580;2.720
1922;1;null;21.260;2.960;13.740;4.560
1923;1;null;8.840;4.660;2.740;1.440
1924;1;null;6.400;4.400;1.500;0.500
1925;1;null;18.560;2.560;2.940;13.060
1926;1;null;18.200;4.500;8.660;5.040
1927;1;null;13.240;5.640;3.980;3.620
1928;1;null;8.420;4.560;1.860;2.000
1929;1;null;21.540;3.240;3.680;14.620
1930;1;null;8.460;4.140;1.380;2.940
1931;1;null;11.780;6.040;1.800;3.940
1932;1;null;8.440;4.100;1.800;2.540
1933;0;Timer;32.181;2.200;5.360;24.620
1934;1;null;22.280;4.600;6.860;10.820
1935;1;null;13.880;4.320;2.820;6.740
1936;1;null;18.040;8.720;4.300;5.020
1937;1;null;8.640;2.000;1.520;5.120
1938;1;null;27.040;6.160;2.280;18.600
1939;1;null;14.480;2.780;2.860;8.840
1940;1;null;15.760;4.000;6.400;5.360
1941;1;null;10.080;6.020;1.840;2.220
1942;1;null;8.440;2.920;4.560;0.960
1943;0;Timer;32.861;2.840;0.880;29.140
1944;1;null;16.300;6.040;2.160;8.100
1945;1;null;23.200;12.740;8.580;1.880
1946;1;null;13.340;2.860;2.940;7.540
1947;1;null;23.380;6.000;13.100;4.280
1948;1;null;6.920;1.740;1.420;3.760
1949;1;null;9.940;1.860;3.360;4.720
1950;0;DragonEscaped;11.400;11.400;0.000;0.000
1951;1;null;14.140;3.880;3.760;6.500
1952;1;null;9.720;5.880;1.440;2.400
1953;1;null;10.500;3.300;4.680;2.520
1954;0;Timer;34.501;4.440;30.061;0.000
1955;1;null;11.000;1.220;8.140;1.640
1956;1;null;12.860;7.220;2.440;3.200
1957;1;null;26.320;5.720;1.440;19.160
1958;1;null;6.080;3.240;1.860;0.980
1959;1;null;5.840;0.860;2.820;2.160
1960;1;null;16.400;6.960;3.060;6.380
1961;1;null;10.360;3.440;1.020;5.900
1962;1;null;10.560;3.200;2.740;4.620
1963;1;null;11.460;6.400;0.840;4.220
1964;1;null;11.240;3.080;0.860;7.300
1965;1;null;19.920;4.220;0.860;14.840
1966;1;null;17.120;5.520;6.000;5.600
1967;1;null;14.620;6.220;1.260;7.140
1968;1;null;7.300;3.000;1.840;2.460
1969;1;null;8.480;4.260;3.220;1.000
1970;1;null;11.280;4.660;5.040;1.580
1971;1;null;8.940;5.080;2.080;1.780
1972;1;null;13.500;5.480;3.200;4.820
1973;1;null;16.320;10.200;2.520;3.600
1974;1;null;10.840;2.500;6.960;1.380
1975;0;Timer;35.741;5.740;4.460;25.540
1976;1;null;28.960;4.880;5.260;18.820
