episode;win;failReason;episodeDuration;timeToKillAllDragons;timeToGrabKey;timeFromKeyGrabToEscape
1;1;null;15.660;4.120;3.720;7.820
2;1;null;13.240;8.520;1.380;3.340
3;1;null;13.320;4.640;3.000;5.680
4;1;null;12.980;4.460;4.240;4.280
5;1;null;8.220;3.300;4.280;0.640
6;1;null;19.060;1.820;9.780;7.460
7;1;null;12.440;5.660;3.300;3.480
8;0;Timer;32.841;2.840;8.640;21.360
9;1;null;10.640;3.180;2.980;4.480
10;1;null;8.100;6.620;0.940;0.540
11;1;null;17.240;8.040;4.240;4.960
12;1;null;8.260;4.160;1.320;2.780
13;1;null;15.540;6.360;2.720;6.460
14;1;null;27.720;3.520;1.300;22.900
15;1;null;14.160;5.100;7.300;1.760
16;0;Timer;36.101;6.100;2.960;27.040
17;1;null;15.300;6.180;0.580;8.540
18;1;null;21.400;6.380;9.260;5.760
19;1;null;14.500;5.020;6.340;3.140
20;1;null;15.920;4.220;6.280;5.420
21;1;null;9.440;5.900;0.900;2.640
22;0;DragonEscaped;9.880;9.880;0.000;0.000
23;1;null;12.700;4.540;1.880;6.280
24;1;null;24.520;9.160;14.080;1.280
25;1;null;15.360;4.780;7.900;2.680
26;1;null;12.700;4.760;2.100;5.840
27;1;null;9.400;4.780;3.260;1.360
28;1;null;14.840;7.120;3.220;4.500
29;1;null;11.700;3.360;4.580;3.760
30;1;null;12.020;6.360;1.940;3.720
31;1;null;24.660;6.260;14.980;3.420
32;1;null;12.520;5.600;2.860;4.060
33;1;null;23.520;3.560;13.100;6.860
34;1;null;18.120;3.560;5.220;9.340
35;1;null;14.960;3.080;5.960;5.920
36;1;null;9.440;2.560;1.340;5.540
37;1;null;15.660;4.100;5.660;5.900
38;1;null;9.160;3.560;3.300;2.300
39;1;null;17.580;6.180;1.760;9.640
40;1;null;23.520;7.960;11.640;3.920
41;1;null;17.480;6.940;6.200;4.340
42;1;null;8.700;6.620;1.000;1.080
43;1;null;11.040;7.540;2.080;1.420
44;1;null;11.960;6.540;0.760;4.660
45;1;null;11.780;3.580;0.720;7.480
46;1;null;18.520;2.260;8.140;8.120
47;1;null;10.300;3.000;6.160;1.140
48;1;null;10.620;4.960;3.100;2.560
49;1;null;5.580;3.600;1.240;0.740
50;1;null;8.960;4.860;2.920;1.180
51;1;null;13.440;5.400;4.420;3.620
52;1;null;18.600;6.240;7.860;4.500
53;0;DragonEscaped;8.600;8.600;0.000;0.000
54;1;null;26.260;6.440;16.560;3.260
55;1;null;12.700;4.540;4.400;3.760
56;1;null;24.480;8.780;5.680;10.020
57;1;null;18.020;3.380;1.700;12.940
58;1;null;15.460;3.160;5.720;6.580
59;1;null;12.300;6.840;1.840;3.620
60;1;null;10.920;5.460;4.820;0.640
61;1;null;14.060;7.120;2.540;4.400
62;1;null;18.100;6.300;1.780;10.020
63;1;null;22.720;2.600;0.780;19.340
64;1;null;22.420;6.680;8.460;7.280
65;1;null;17.680;5.380;7.940;4.360
66;1;null;34.001;5.280;1.000;27.720
67;1;null;12.240;2.360;2.820;7.060
68;1;null;14.060;6.600;0.920;6.540
69;1;null;15.200;6.480;2.860;5.860
70;1;null;10.960;4.340;3.260;3.360
71;1;null;14.060;3.580;2.440;8.040
72;1;null;10.680;4.880;2.320;3.480
73;1;null;11.660;5.600;3.260;2.800
74;1;null;12.620;3.620;3.900;5.100
75;1;null;20.220;2.840;9.620;7.760
76;1;null;9.340;6.160;0.700;2.480
77;0;Timer;33.541;3.540;0.900;29.100
78;1;null;18.520;3.760;11.700;3.060
79;1;null;9.480;3.820;1.000;4.660
80;1;null;18.580;9.060;2.620;6.900
81;1;null;11.280;4.780;2.700;3.800
82;1;null;9.340;3.080;1.880;4.380
83;1;null;10.340;5.340;3.640;1.360
84;1;null;15.660;9.940;2.420;3.300
85;1;null;9.340;3.180;2.520;3.640
86;1;null;11.400;2.640;5.400;3.360
87;1;null;8.100;5.440;1.500;1.160
88;1;null;20.840;3.700;3.160;13.980
89;1;null;11.460;7.060;2.540;1.860
90;1;null;23.020;11.920;4.260;6.840
91;1;null;7.680;4.060;2.220;1.400
92;1;null;11.540;5.700;3.540;2.300
93;1;null;9.600;4.220;3.000;2.380
94;1;null;16.400;4.880;2.820;8.700
95;1;null;11.800;6.120;2.700;2.980
96;1;null;12.000;4.700;3.400;3.900
97;1;null;16.440;2.220;6.280;7.940
98;1;null;6.560;5.020;0.820;0.720
99;1;null;10.840;8.840;1.160;0.840
100;1;null;17.680;5.320;0.900;11.460
101;1;null;13.180;7.500;2.000;3.680
102;1;null;19.380;9.820;4.020;5.540
103;1;null;6.780;3.220;2.060;1.500
104;1;null;9.060;4.300;2.560;2.200
105;1;null;7.680;3.280;0.620;3.780
106;1;null;7.540;2.040;4.240;1.260
107;1;null;8.500;5.880;1.320;1.300
108;1;null;13.620;5.240;1.380;7.000
109;1;null;13.980;3.140;4.460;6.380
110;1;null;17.880;2.480;2.500;12.900
111;1;null;17.020;2.200;8.060;6.760
112;0;Timer;33.981;3.980;4.360;25.640
113;1;null;26.060;3.300;9.780;12.980
114;1;null;12.660;5.920;3.860;2.880
115;1;null;16.660;4.080;4.680;7.900
116;1;null;20.560;6.540;6.240;7.780
117;1;null;20.220;5.920;5.260;9.040
118;1;null;11.080;3.100;5.420;2.560
119;1;null;14.660;4.820;5.600;4.240
120;1;null;13.440;9.860;1.100;2.480
121;1;null;21.860;5.480;10.760;5.620
122;1;null;9.700;3.900;2.660;3.140
123;1;null;8.900;2.720;2.580;3.600
124;1;null;9.600;5.600;2.480;1.520
125;1;null;12.920;4.620;5.740;2.560
126;1;null;11.020;3.980;3.380;3.660
127;1;null;21.100;3.000;16.720;1.380
128;1;null;14.820;3.120;2.320;9.380
129;1;null;14.660;4.500;6.340;3.820
130;1;null;17.640;7.240;5.980;4.420
131;0;Timer;39.341;9.340;4.040;25.960
132;1;null;12.040;7.260;2.360;2.420
133;1;null;13.680;7.340;2.700;3.640
134;1;null;19.620;7.760;6.420;5.440
135;1;null;13.540;5.400;4.240;3.900
136;1;null;13.740;5.920;4.860;2.960
137;1;null;27.200;7.420;4.440;15.340
138;1;null;17.180;4.440;2.680;10.060
139;1;null;14.020;8.900;2.140;2.980
140;1;null;14.700;3.820;7.840;3.040
141;1;null;14.040;3.040;4.160;6.840
142;0;Timer;36.581;6.580;30.001;0.000
143;1;null;10.660;4.140;4.900;1.620
144;1;null;20.920;4.840;2.940;13.140
145;1;null;14.020;3.380;3.860;6.780
146;1;null;12.300;6.540;3.200;2.560
147;1;null;20.880;4.080;1.380;15.420
148;1;null;13.600;5.180;0.880;7.540
149;1;null;9.040;4.720;1.360;2.960
150;1;null;9.380;4.600;2.340;2.440
151;1;null;14.740;5.460;6.480;2.800
152;1;null;11.120;3.640;3.340;4.140
153;1;null;15.180;1.340;7.340;6.500
154;1;null;24.740;9.720;13.380;1.640
155;1;null;11.240;4.440;1.820;4.980
156;1;null;12.420;2.220;2.420;7.780
157;1;null;4.800;2.980;0.840;0.980
158;1;null;10.060;3.680;1.100;5.280
159;1;null;19.180;4.440;4.760;9.980
160;1;null;14.020;9.560;1.560;2.900
161;1;null;10.260;5.740;1.120;3.400
162;1;null;10.560;4.600;5.320;0.640
163;1;null;15.760;4.180;3.240;8.340
164;1;null;8.760;4.040;2.220;2.500
165;1;null;16.180;5.040;0.480;10.660
166;0;DragonEscaped;9.120;9.120;0.000;0.000
167;1;null;11.240;5.260;1.100;4.880
168;1;null;12.060;5.860;3.340;2.860
169;1;null;16.300;3.320;4.040;8.940
170;1;null;8.700;6.060;1.860;0.780
171;1;null;8.240;4.840;2.340;1.060
172;1;null;21.680;8.060;0.340;13.280
173;1;null;11.860;4.380;1.740;5.740
174;1;null;19.820;7.200;3.180;9.440
175;1;null;17.360;8.760;5.040;3.560
176;1;null;10.860;1.060;0.740;9.060
177;1;null;14.280;5.840;1.300;7.140
178;1;null;16.760;8.320;4.820;3.620
179;1;null;20.080;4.260;8.880;6.940
180;1;null;8.780;3.880;1.180;3.720
181;1;null;12.300;9.080;1.280;1.940
182;1;null;15.740;5.000;1.520;9.220
183;1;null;10.400;4.900;2.860;2.640
184;1;null;18.020;8.820;5.800;3.400
185;0;DragonEscaped;12.100;12.100;0.000;0.000
186;1;null;12.700;4.760;0.900;7.040
187;1;null;12.380;4.040;5.420;2.920
188;1;null;8.740;3.980;1.020;3.740
189;1;null;13.760;4.780;2.200;6.780
190;1;null;15.300;7.240;6.100;1.960
191;1;null;8.880;3.600;2.280;3.000
192;1;null;11.540;5.400;2.580;3.560
193;1;null;17.540;2.860;11.600;3.080
194;0;DragonEscaped;8.820;8.820;0.000;0.000
195;1;null;11.820;3.360;2.820;5.640
196;1;null;19.980;3.580;12.880;3.520
197;1;null;14.640;8.080;2.220;4.340
198;1;null;32.081;7.820;4.840;19.420
199;1;null;16.540;7.440;1.580;7.520
200;1;null;18.040;8.220;1.040;8.780
201;1;null;13.640;7.680;4.440;1.520
202;1;null;10.000;2.880;6.420;0.700
203;1;null;12.720;4.320;3.040;5.360
204;1;null;16.620;3.700;3.400;9.520
205;1;null;10.420;3.380;6.060;0.980
206;1;null;11.480;4.520;3.300;3.660
207;1;null;19.160;2.580;3.260;13.320
208;1;null;24.360;5.600;14.940;3.820
209;1;null;11.160;5.520;4.780;0.860
210;1;null;19.620;7.920;4.100;7.600
211;1;null;18.360;5.700;2.820;9.840
212;0;DragonEscaped;9.780;9.780;0.000;0.000
213;1;null;13.440;3.300;2.340;7.800
214;1;null;11.060;4.280;1.480;5.300
215;1;null;9.540;5.180;3.000;1.360
216;1;null;13.540;5.420;6.740;1.380
217;1;null;16.360;5.020;5.640;5.700
218;1;null;9.020;3.360;2.840;2.820
219;0;Timer;36.121;6.120;2.500;27.500
220;1;null;12.140;2.940;5.660;3.540
221;1;null;17.340;6.140;5.400;5.800
222;1;null;15.220;3.760;5.760;5.700
223;1;null;8.920;2.920;3.440;2.560
224;1;null;11.940;2.880;1.800;7.260
225;1;null;11.280;4.160;0.940;6.180
226;1;null;18.560;1.180;10.240;7.140
227;0;Timer;32.461;2.480;7.460;22.520
228;1;null;12.540;5.400;3.280;3.860
229;1;null;17.820;5.420;5.200;7.200
230;1;null;33.621;7.280;18.820;7.520
231;1;null;12.800;4.160;1.580;7.060
232;1;null;7.280;4.820;1.120;1.340
233;1;null;6.060;2.920;2.280;0.860
234;1;null;10.740;3.440;3.460;3.840
235;1;null;8.120;3.000;2.060;3.060
236;1;null;12.800;5.820;2.700;4.280
237;1;null;6.900;5.380;1.040;0.480
238;1;null;12.480;6.420;5.140;0.920
239;1;null;11.760;3.000;3.000;5.760
240;1;null;11.220;4.060;1.260;5.900
241;1;null;9.100;3.160;2.780;3.160
242;1;null;27.260;7.540;14.420;5.300
243;1;null;10.040;4.560;2.140;3.340
244;1;null;11.680;3.760;4.380;3.540
245;1;null;8.900;4.640;3.800;0.460
246;1;null;15.040;3.380;4.500;7.160
247;1;null;18.020;8.880;5.980;3.160
248;1;null;25.120;6.480;2.020;16.620
249;1;null;15.020;5.080;3.280;6.660
250;1;null;33.441;5.020;15.920;12.500
251;1;null;16.840;4.260;6.040;6.540
252;1;null;22.360;7.740;3.580;11.040
253;1;null;15.900;7.960;5.020;2.920
254;1;null;13.800;3.880;1.280;8.640
255;1;null;14.260;4.060;5.900;4.300
256;1;null;18.180;5.740;7.140;5.300
257;1;null;10.940;3.560;4.140;3.240
258;1;null;14.320;5.500;3.800;5.020
259;1;null;18.800;4.540;4.900;9.360
260;1;null;11.240;4.420;3.080;3.740
261;1;null;8.120;3.000;3.380;1.740
262;1;null;10.200;4.120;5.360;0.720
263;1;null;20.860;5.380;2.000;13.480
264;1;null;17.400;6.000;7.760;3.640
265;1;null;16.240;7.400;1.440;7.400
266;1;null;10.640;4.180;3.900;2.560
267;1;null;18.060;7.300;6.600;4.160
268;1;null;22.740;5.320;15.100;2.320
269;1;null;15.900;7.080;1.260;7.560
270;1;null;21.600;6.660;8.660;6.280
271;1;null;6.760;3.260;0.980;2.520
272;1;null;10.640;5.740;1.160;3.740
273;1;null;16.560;8.400;3.160;5.000
274;1;null;13.040;4.960;2.280;5.800
275;1;null;13.000;5.660;3.280;4.060
276;1;null;12.960;4.040;5.880;3.040
277;1;null;7.520;3.900;2.520;1.100
278;1;null;12.980;4.840;3.960;4.180
279;1;null;9.620;3.520;3.360;2.740
280;1;null;18.560;4.060;3.040;11.460
281;1;null;27.340;6.120;16.500;4.720
282;1;null;12.920;4.220;5.640;3.060
283;1;null;10.320;4.280;1.300;4.740
284;1;null;7.740;5.720;0.640;1.380
285;1;null;13.060;6.360;5.720;0.980
286;1;null;19.320;9.240;5.380;4.700
287;1;null;12.220;4.620;1.800;5.800
288;1;null;12.160;2.760;3.480;5.920
289;1;null;15.380;3.740;8.460;3.180
290;1;null;10.720;4.100;1.940;4.680
291;1;null;14.860;5.440;1.200;8.220
292;1;null;34.741;6.540;21.920;6.280
293;1;null;9.540;4.240;3.260;2.040
294;1;null;17.220;7.920;5.440;3.860
295;1;null;9.260;2.800;2.260;4.200
296;1;null;18.000;4.940;4.640;8.420
297;1;null;10.300;6.100;3.120;1.080
298;1;null;8.080;2.540;3.060;2.480
299;1;null;14.060;10.040;1.300;2.720
300;1;null;11.280;5.060;2.700;3.520
